MentionID,TranscriptID,NewsProgram,ChannelType,TimePeriod,CaseID,IssueArea,CaseStage,WordCountRAND,MultiMention,MultiMentionType,MentionContext,AnchorOnly,Correspondent,Debate,NewsInterview
1990081AABC032591,ABC032591,WorldNewsTonight,NetworkNews,1990_1999,1990081,EconomicActivity,Argument,447,0,NA,1,0,1,0,0
1990081DABC052391,ABC052391,WorldNewsTonight,NetworkNews,1990_1999,1990081,EconomicActivity,Decision,46,0,NA,1,1,0,0,0
1990117DABC062191,ABC062191,WorldNewsTonight,NetworkNews,1990_1999,1990117,FirstAmendment,Decision,235,0,NA,1,0,1,0,0
1990120DABC062491,ABC062491,WorldNewsTonight,NetworkNews,1990_1999,1990120,FirstAmendment,Decision,281,0,NA,1,0,1,0,0
1991011DABC121091,ABC121091,WorldNewsTonight,NetworkNews,1990_1999,1991011,FirstAmendment,Decision,66,0,NA,1,1,0,0,0
1991035DABC022692,ABC022692,WorldNewsTonight,NetworkNews,1990_1999,1991035,SexDiscrimination,Decision,271,0,NA,1,0,1,0,0
1991041DABC030992,ABC030992,WorldNewsTonight,NetworkNews,1990_1999,1991041,FirstAmendment,Decision,311,0,NA,1,0,1,0,0
1991077DABC052692,ABC052692,WorldNewsTonight,NetworkNews,1990_1999,1991077,EconomicActivity,Decision,408,0,NA,1,0,1,0,0
2006031PDFox042507,Fox042507,SpecialReport,CableNews,2000_2018,2006031,Abortion,PostDecision,17,1,Secondary,2,0,1,0,0
2000082PDFox062901,Fox062901,SpecialReport,CableNews,2000_2018,2000082,FirstAmendment,PostDecision,18,1,Separate,2,0,1,0,0
1991078DABC060192,ABC060192,WorldNewsTonight,NetworkNews,1990_1999,1991078,EconomicActivity,Decision,489,1,Identical,1,0,1,0,0
1991079DABC060192,ABC060192,WorldNewsTonight,NetworkNews,1990_1999,1991079,EconomicActivity,Decision,489,1,Identical,1,0,1,0,0
1991094DABC061892,ABC061892,WorldNewsTonight,NetworkNews,1990_1999,1991094,EconomicActivity,Decision,383,0,NA,1,0,1,0,0
1991098DABC061992,ABC061992,WorldNewsTonight,NetworkNews,1990_1999,1991098,FirstAmendment,Decision,350,0,NA,1,0,1,0,0
1991105CABC061091,ABC061091,WorldNewsTonight,NetworkNews,1990_1999,1991105,FirstAmendment,Cert,312,0,NA,1,0,1,0,0
1991105DABC062292,ABC062292,WorldNewsTonight,NetworkNews,1990_1999,1991105,FirstAmendment,Decision,400,0,NA,1,0,1,0,0
1991110CABC031891,ABC031891,WorldNewsTonight,NetworkNews,1990_1999,1991110,FirstAmendment,Cert,64,0,NA,1,1,0,0,0
1991110DABC062492,ABC062492,WorldNewsTonight,NetworkNews,1990_1999,1991110,FirstAmendment,Decision,391,0,NA,1,0,1,0,0
1996059PDABC010699,ABC010699,WorldNewsTonight,NetworkNews,1990_1999,1996059,EconomicActivity,PostDecision,19,0,NA,2,0,1,0,0
1991112DABC062692,ABC062692,WorldNewsTonight,NetworkNews,1990_1999,1991112,FirstAmendment,Decision,413,1,Identical,1,0,1,0,0
1991116DABC062692,ABC062692,WorldNewsTonight,NetworkNews,1990_1999,1991116,FirstAmendment,Decision,413,1,Identical,1,0,1,0,0
1991117AABC042292,ABC042292,WorldNewsTonight,NetworkNews,1990_1999,1991117,Abortion,Argument,"1,115",0,NA,1,0,1,0,0
1991117CABC012192,ABC012192,WorldNewsTonight,NetworkNews,1990_1999,1991117,Abortion,Cert,793,0,NA,1,0,1,0,0
1991117DABC062992,ABC062992,WorldNewsTonight,NetworkNews,1990_1999,1991117,Abortion,Decision,"1,591",0,NA,1,0,1,0,0
1991117PCABC040692,ABC040692,WorldNewsTonight,NetworkNews,1990_1999,1991117,Abortion,PostCert,417,0,NA,1,0,1,0,0
1991117PCABC042092,ABC042092,WorldNewsTonight,NetworkNews,1990_1999,1991117,Abortion,PostCert,418,0,NA,1,0,1,0,0
2009012PDMSNBC021510,MSNBC021510,Hardball,CableNews,2000_2018,2009012,FirstAmendment,PostDecision,21,0,NA,3,0,0,1,0
2005039PDMSNBC051110,MSNBC051110,Hardball,CableNews,2000_2018,2005039,FirstAmendment,PostDecision,23,0,NA,2,0,0,1,0
2004075PDFox112106,Fox112106,SpecialReport,CableNews,2000_2018,2004075,FirstAmendment,PostDecision,24,1,Identical,2,0,1,0,0
2004078PDFox112106,Fox112106,SpecialReport,CableNews,2000_2018,2004078,FirstAmendment,PostDecision,24,1,Identical,2,0,1,0,0
2016040PDFox062317,Fox062317,SpecialReport,CableNews,2000_2018,2016040,FirstAmendment,PostDecision,24,0,NA,3,0,0,1,0
2010083PDMSNBC062711,MSNBC062711,Hardball,CableNews,2000_2018,2010083,FirstAmendment,PostDecision,25,0,NA,1,0,1,0,0
1999088PDABC041807,ABC041807,WorldNewsTonight,NetworkNews,2000_2018,1999088,Abortion,PostDecision,25,1,Secondary,2,0,1,0,0
2014070PDABC062915,ABC062915,WorldNewsTonight,NetworkNews,2000_2018,2014070,SexDiscrimination,PostDecision,26,1,Separate/Identical,2,1,0,0,0
2009012PDMSNBC062812,MSNBC062812,Hardball,CableNews,2000_2018,2009012,FirstAmendment,PostDecision,30,1,Separate,2,0,1,0,0
2002083PDMSNBC032613,MSNBC032613,Hardball,CableNews,2000_2018,2002083,SexDiscrimination,PostDecision,35,1,Secondary,2,0,0,1,0
2014070PDFox060118,Fox060118,SpecialReport,CableNews,2000_2018,2014070,SexDiscrimination,PostDecision,35,1,Secondary,2,0,1,0,0
2015048PDMSNBC013117,MSNBC013117,Hardball,CableNews,2000_2018,2015048,Abortion,PostDecision,36,1,Identical,2,0,0,1,0
2009012PDFox072710,Fox072710,SpecialReport,CableNews,2000_2018,2009012,FirstAmendment,PostDecision,38,0,NA,3,0,0,1,0
2014070PDABC032816,ABC032816,WorldNewsTonight,NetworkNews,2000_2018,2014070,SexDiscrimination,PostDecision,39,0,NA,3,0,1,0,0
1999088PDFox100206,Fox100206,SpecialReport,CableNews,2000_2018,1999088,Abortion,PostDecision,40,1,Secondary,2,0,1,0,0
2009012PDFox030716,Fox030716,SpecialReport,CableNews,2000_2018,2009012,FirstAmendment,PostDecision,40,1,Separate,3,0,0,0,1
1991077PDFox062118,Fox062118,SpecialReport,CableNews,2000_2018,1991077,EconomicActivity,PostDecision,42,1,Secondary,2,0,1,0,0
1992045DABC032393,ABC032393,WorldNewsTonight,NetworkNews,1990_1999,1992045,EconomicActivity,Decision,382,0,NA,1,0,1,0,0
1992086DABC060793,ABC060793,WorldNewsTonight,NetworkNews,1990_1999,1992086,FirstAmendment,Decision,416,0,NA,1,0,1,0,0
1992091CABC121492,ABC121492,WorldNewsTonight,NetworkNews,1990_1999,1992091,FirstAmendment,Cert,63,0,NA,1,1,0,0,0
1992091DABC061193,ABC061193,WorldNewsTonight,NetworkNews,1990_1999,1992091,FirstAmendment,Decision,373,1,Separate/Identical,1,0,1,0,0
1992093DABC061193,ABC061193,WorldNewsTonight,NetworkNews,1990_1999,1992093,FirstAmendment,Decision,430,1,Separate/Identical,1,0,1,0,0
1992098AABC022493,ABC022493,WorldNewsTonight,NetworkNews,1990_1999,1992098,FirstAmendment,Argument,447,0,NA,1,0,1,0,0
1992111DABC062593,ABC062593,WorldNewsTonight,NetworkNews,1990_1999,1992111,EconomicActivity,Decision,390,0,NA,1,0,1,0,0
1992113DABC062893,ABC062893,WorldNewsTonight,NetworkNews,1990_1999,1992113,FirstAmendment,Decision,118,0,NA,1,1,0,0,0
1993004DABC110993,ABC110993,WorldNewsTonight,NetworkNews,1990_1999,1993004,SexDiscrimination,Decision,438,0,NA,1,0,1,0,0
1993004PCABC101293,ABC101293,WorldNewsTonight,NetworkNews,1990_1999,1993004,SexDiscrimination,PostCert,464,0,NA,1,0,1,0,0
1993016AABC120893,ABC120893,WorldNewsTonight,NetworkNews,1990_1999,1993016,Abortion,Argument,501,0,NA,1,0,1,0,0
1993016DABC012494,ABC012494,WorldNewsTonight,NetworkNews,1990_1999,1993016,Abortion,Decision,724,0,NA,1,0,1,0,0
1993029DABC030794,ABC030794,WorldNewsTonight,NetworkNews,1990_1999,1993029,EconomicActivity,Decision,302,0,NA,1,0,1,0,0
1993029PCABC110893,ABC110893,WorldNewsTonight,NetworkNews,1990_1999,1993029,EconomicActivity,PostCert,360,0,NA,1,0,1,0,0
1993035DABC041994,ABC041994,WorldNewsTonight,NetworkNews,1990_1999,1993035,SexDiscrimination,Decision,402,0,NA,1,0,1,0,0
2009012PDFox052711,Fox052711,SpecialReport,CableNews,2000_2018,2009012,FirstAmendment,PostDecision,42,0,NA,3,1,0,0,0
1993068DABC061394,ABC061394,WorldNewsTonight,NetworkNews,1990_1999,1993068,FirstAmendment,Decision,328,0,NA,1,0,1,0,0
1993090AABC033094,ABC033094,WorldNewsTonight,NetworkNews,1990_1999,1993090,FirstAmendment,Argument,494,0,NA,1,0,1,0,0
1993090CABC112993,ABC112993,WorldNewsTonight,NetworkNews,1990_1999,1993090,FirstAmendment,Cert,473,0,NA,1,0,1,0,0
1993090DABC062794,ABC062794,WorldNewsTonight,NetworkNews,1990_1999,1993090,FirstAmendment,Decision,391,0,NA,1,0,1,0,0
1993091DABC063094,ABC063094,WorldNewsTonight,NetworkNews,1990_1999,1993091,Abortion,Decision,384,0,NA,1,0,1,0,0
1991117PDABC081492,ABC081492,WorldNewsTonight,NetworkNews,1990_1999,1991117,Abortion,PostDecision,42,0,NA,3,0,1,0,0
1994083DABC061995,ABC061995,WorldNewsTonight,NetworkNews,1990_1999,1994083,FirstAmendment,Decision,54,0,NA,1,1,0,0,0
1994088AABC041795,ABC041795,WorldNewsTonight,NetworkNews,1990_1999,1994088,EconomicActivity,Argument,531,0,NA,1,0,1,0,0
1994088DABC062995,ABC062995,WorldNewsTonight,NetworkNews,1990_1999,1994088,EconomicActivity,Decision,154,1,Separate/Identical,1,1,0,0,0
1994090DABC062995,ABC062995,WorldNewsTonight,NetworkNews,1990_1999,1994090,FirstAmendment,Decision,150,1,Separate/Identical,1,1,0,0,0
1994091DABC062995,ABC062995,WorldNewsTonight,NetworkNews,1990_1999,1994091,FirstAmendment,Decision,440,1,Separate/Identical,1,0,1,0,0
1995052DABC052096,ABC052096,WorldNewsTonight,NetworkNews,1990_1999,1995052,EconomicActivity,Decision,274,1,Separate/Identical,1,0,1,0,0
1995052PCABC100995,ABC100995,WorldNewsTonight,NetworkNews,1990_1999,1995052,EconomicActivity,PostCert,745,0,NA,1,0,1,0,0
1995053AABC101095,ABC101095,WorldNewsTonight,NetworkNews,1990_1999,1995053,SexDiscrimination,Argument,456,0,NA,1,0,1,0,0
1995053CABC022195,ABC022195,WorldNewsTonight,NetworkNews,1990_1999,1995053,SexDiscrimination,Cert,86,0,NA,1,1,0,0,0
1995053DABC052096,ABC052096,WorldNewsTonight,NetworkNews,1990_1999,1995053,SexDiscrimination,Decision,323,1,Separate/Identical,1,0,1,0,0
2014070PDABC020217,ABC020217,WorldNewsTonight,NetworkNews,2000_2018,2014070,SexDiscrimination,PostDecision,42,0,NA,3,0,1,0,0
1991117PDMSNBC070113,MSNBC070113,Hardball,CableNews,2000_2018,1991117,Abortion,PostDecision,44,1,Separate,3,0,0,1,0
1995085DABC062696,ABC062696,WorldNewsTonight,NetworkNews,1990_1999,1995085,SexDiscrimination,Decision,299,1,Separate,1,0,1,0,0
1995086DABC062696,ABC062696,WorldNewsTonight,NetworkNews,1990_1999,1995086,FirstAmendment,Decision,48,1,Separate,1,1,0,0,0
1995090DABC062896,ABC062896,WorldNewsTonight,NetworkNews,1990_1999,1995090,FirstAmendment,Decision,84,0,NA,1,1,0,0,0
1995095DABC070196,ABC070196,WorldNewsTonight,NetworkNews,1990_1999,1995095,EconomicActivity,Decision,423,0,NA,1,0,1,0,0
1996039DABC033197,ABC033197,WorldNewsTonight,NetworkNews,1990_1999,1996039,FirstAmendment,Decision,76,0,NA,1,1,0,0,0
1996059CABC062496,ABC062496,WorldNewsTonight,NetworkNews,1990_1999,1996059,EconomicActivity,Cert,457,0,NA,1,0,1,0,0
1996059DABC052797,ABC052797,WorldNewsTonight,NetworkNews,1990_1999,1996059,EconomicActivity,Decision,512,0,NA,1,0,1,0,0
1995053PDMSNBC041015,MSNBC041015,Hardball,CableNews,2000_2018,1995053,SexDiscrimination,PostDecision,45,1,Secondary,2,0,0,0,1
2012077PDFox062713,Fox062713,SpecialReport,CableNews,2000_2018,2012077,SexDiscrimination,PostDecision,46,1,Identical,2,0,1,0,0
2012079PDFox062713,Fox062713,SpecialReport,CableNews,2000_2018,2012079,SexDiscrimination,PostDecision,46,1,Identical,2,0,1,0,0
1996080DABC062397,ABC062397,WorldNewsTonight,NetworkNews,1990_1999,1996080,FirstAmendment,Decision,466,0,NA,1,0,1,0,0
1996087DABC062597,ABC062597,WorldNewsTonight,NetworkNews,1990_1999,1996087,FirstAmendment,Decision,495,0,NA,1,0,1,0,0
1996087PCABC021897,ABC021897,WorldNewsTonight,NetworkNews,1990_1999,1996087,FirstAmendment,PostCert,458,0,NA,1,0,1,0,0
2000071PDFox062901,Fox062901,SpecialReport,CableNews,2000_2018,2000071,FirstAmendment,PostDecision,48,1,Separate,2,0,1,0,0
1996094CABC120696,ABC120696,WorldNewsTonight,NetworkNews,1990_1999,1996094,FirstAmendment,Cert,66,0,NA,1,1,0,0,0
1996094DABC062697,ABC062697,WorldNewsTonight,NetworkNews,1990_1999,1996094,FirstAmendment,Decision,399,0,NA,1,0,1,0,0
2001038PDFox103007,Fox103007,SpecialReport,CableNews,2000_2018,2001038,FirstAmendment,PostDecision,49,1,Secondary,2,0,1,0,0
1997030DABC022598,ABC022598,WorldNewsTonight,NetworkNews,1990_1999,1997030,EconomicActivity,Decision,59,0,NA,1,1,0,0,0
1997037AABC120397,ABC120397,WorldNewsTonight,NetworkNews,1990_1999,1997037,SexDiscrimination,Argument,464,0,NA,1,0,1,0,0
1997037CABC060997,ABC060997,WorldNewsTonight,NetworkNews,1990_1999,1997037,SexDiscrimination,Cert,70,0,NA,1,1,0,0,0
1997037DABC030498,ABC030498,WorldNewsTonight,NetworkNews,1990_1999,1997037,SexDiscrimination,Decision,460,0,NA,1,0,1,0,0
1997037PAABC022798,ABC022798,WorldNewsTonight,NetworkNews,1990_1999,1997037,SexDiscrimination,PostArgument,521,1,Identical,3,0,1,0,0
1997089DABC062298,ABC062298,WorldNewsTonight,NetworkNews,1990_1999,1997089,SexDiscrimination,Decision,373,0,NA,1,0,1,0,0
1997089PCABC022798,ABC022798,WorldNewsTonight,NetworkNews,1990_1999,1997089,SexDiscrimination,PostCert,521,1,Identical,3,0,1,0,0
1997097DABC062598,ABC062598,WorldNewsTonight,NetworkNews,1990_1999,1997097,FirstAmendment,Decision,393,0,NA,1,0,1,0,0
2002083PDMSNBC080610,MSNBC080610,Hardball,CableNews,2000_2018,2002083,SexDiscrimination,PostDecision,51,0,NA,2,1,0,0,0
1997101AABC042298,ABC042298,WorldNewsTonight,NetworkNews,1990_1999,1997101,SexDiscrimination,Argument,361,0,NA,1,0,1,0,0
1997101DABC062698,ABC062698,WorldNewsTonight,NetworkNews,1990_1999,1997101,SexDiscrimination,Decision,467,1,Identical,1,0,1,0,0
1997101PCABC022798,ABC022798,WorldNewsTonight,NetworkNews,1990_1999,1997101,SexDiscrimination,PostCert,521,1,Identical,3,0,1,0,0
1997102DABC062698,ABC062698,WorldNewsTonight,NetworkNews,1990_1999,1997102,SexDiscrimination,Decision,467,1,Identical,1,0,1,0,0
1997102PCABC022798,ABC022798,WorldNewsTonight,NetworkNews,1990_1999,1997102,SexDiscrimination,PostCert,521,1,Identical,3,0,1,0,0
1998059DABC052499,ABC052499,WorldNewsTonight,NetworkNews,1990_1999,1998059,SexDiscrimination,Decision,561,0,NA,1,0,1,0,0
2014058PDFox062415,Fox062415,SpecialReport,CableNews,2000_2018,2014058,FirstAmendment,PostDecision,53,0,NA,3,0,0,1,0
1999026AABC100599,ABC100599,WorldNewsTonight,NetworkNews,1990_1999,1999026,FirstAmendment,Argument,498,0,NA,1,0,1,0,0
1999038CABC042699,ABC042699,WorldNewsTonight,NetworkNews,1990_1999,1999038,EconomicActivity,Cert,65,0,NA,1,1,0,0,0
1999038DABC032100,ABC032100,WorldNewsTonight,NetworkNews,1990_1999,1999038,EconomicActivity,Decision,293,0,NA,1,0,1,0,0
1999038PCABC092299,ABC092299,WorldNewsTonight,NetworkNews,1990_1999,1999038,EconomicActivity,PostCert,532,0,NA,1,0,1,0,0
1999038PCABC100499,ABC100499,WorldNewsTonight,NetworkNews,1990_1999,1999038,EconomicActivity,PostCert,260,1,Separate/Identical,1,0,1,0,0
1999041AABC110999,ABC110999,WorldNewsTonight,NetworkNews,1990_1999,1999041,FirstAmendment,Argument,345,0,NA,1,0,1,0,0
1999041DABC032200,ABC032200,WorldNewsTonight,NetworkNews,1990_1999,1999041,FirstAmendment,Decision,54,0,NA,1,1,0,0,0
1999041PCABC100499,ABC100499,WorldNewsTonight,NetworkNews,1990_1999,1999041,FirstAmendment,PostCert,237,1,Separate/Identical,1,0,1,0,0
1999044DABC032900,ABC032900,WorldNewsTonight,NetworkNews,1990_1999,1999044,FirstAmendment,Decision,72,0,NA,1,1,0,0,0
2013063PDFox062614,Fox062614,SpecialReport,CableNews,2000_2018,2013063,EconomicActivity,PostDecision,55,0,NA,2,0,0,1,0
1999077DABC061900,ABC061900,WorldNewsTonight,NetworkNews,1990_1999,1999077,FirstAmendment,Decision,602,0,NA,1,0,1,0,0
1991077PDFox032918,Fox032918,SpecialReport,CableNews,2000_2018,1991077,EconomicActivity,PostDecision,55,1,Secondary,3,0,0,1,0
2010023PDFox082417,Fox082417,SpecialReport,CableNews,2000_2018,2010023,FirstAmendment,PostDecision,55,0,NA,3,0,0,1,0
1999085AABC042600,ABC042600,WorldNewsTonight,NetworkNews,1990_1999,1999085,SexDiscrimination,Argument,418,0,NA,1,0,1,0,0
1999085CABC011400,ABC011400,WorldNewsTonight,NetworkNews,1990_1999,1999085,SexDiscrimination,Cert,39,1,Separate/Identical,1,1,0,0,0
2004075PDFox070115,Fox070115,SpecialReport,CableNews,2000_2018,2004075,FirstAmendment,PostDecision,56,0,NA,1,1,0,0,0
2014070PDABC010616,ABC010616,WorldNewsTonight,NetworkNews,2000_2018,2014070,SexDiscrimination,PostDecision,56,0,NA,1,1,0,0,0
2002083PDFox051704,Fox051704,SpecialReport,CableNews,2000_2018,2002083,SexDiscrimination,PostDecision,57,0,NA,3,0,0,0,1
1999088PDABC110603,ABC110603,WorldNewsTonight,NetworkNews,2000_2018,1999088,Abortion,PostDecision,57,0,NA,3,0,1,0,0
2014070PDMSNBC090915,MSNBC090915,Hardball,CableNews,2000_2018,2014070,SexDiscrimination,PostDecision,58,0,NA,3,0,0,1,0
2013070PDMSNBC072814,MSNBC072814,Hardball,CableNews,2000_2018,2013070,FirstAmendment,PostDecision,60,0,NA,3,0,0,1,0
2001038PDABC043003,ABC043003,WorldNewsTonight,NetworkNews,2000_2018,2001038,FirstAmendment,PostDecision,60,0,NA,3,0,1,0,0
2012079PDFox062718,Fox062718,SpecialReport,CableNews,2000_2018,2012079,SexDiscrimination,PostDecision,62,1,Identical,2,0,1,0,0
2014070PDFox062718,Fox062718,SpecialReport,CableNews,2000_2018,2014070,SexDiscrimination,PostDecision,62,1,Identical,2,0,1,0,0
2003006PDFox121409,Fox121409,SpecialReport,CableNews,2000_2018,2003006,FirstAmendment,PostDecision,62,1,Separate,3,0,1,0,0
2014070PDFox071415,Fox071415,SpecialReport,CableNews,2000_2018,2014070,SexDiscrimination,PostDecision,63,0,NA,3,0,1,0,0
1999086AABC011900,ABC011900,WorldNewsTonight,NetworkNews,1990_1999,1999086,Abortion,Argument,371,0,NA,1,0,1,0,0
1999086CABC092899,ABC092899,WorldNewsTonight,NetworkNews,1990_1999,1999086,Abortion,Cert,201,0,NA,1,0,1,0,0
1999086DABC062800,ABC062800,WorldNewsTonight,NetworkNews,1990_1999,1999086,Abortion,Decision,432,1,Identical,1,0,1,0,0
2017041PDFox062718,Fox062718,SpecialReport,CableNews,2000_2018,2017041,Abortion,PostDecision,64,1,Separate,2,0,0,0,1
1999088AABC042500,ABC042500,WorldNewsTonight,NetworkNews,1990_1999,1999088,Abortion,Argument,558,0,NA,1,0,1,0,0
1999088CABC011400,ABC011400,WorldNewsTonight,NetworkNews,1990_1999,1999088,Abortion,Cert,45,1,Separate/Identical,1,1,0,0,0
1999088DABC062800,ABC062800,WorldNewsTonight,NetworkNews,1990_1999,1999088,Abortion,Decision,432,1,Identical,1,0,1,0,0
1996059PDMSNBC061003,MSNBC061003,Hardball,CableNews,2000_2018,1996059,EconomicActivity,PostDecision,64,0,NA,3,0,0,0,1
2015033PDFox092216,Fox092216,SpecialReport,CableNews,2000_2018,2015033,EconomicActivity,PostDecision,64,0,NA,3,0,1,0,0
2006069PDFox111308,Fox111308,SpecialReport,CableNews,2000_2018,2006069,FirstAmendment,PostDecision,65,0,NA,3,0,1,0,0
2009012PDFox102110,Fox102110,SpecialReport,CableNews,2000_2018,2009012,FirstAmendment,PostDecision,65,0,NA,3,0,0,1,0
2014070PDFox072115,Fox072115,SpecialReport,CableNews,2000_2018,2014070,SexDiscrimination,PostDecision,65,0,NA,3,0,1,0,0
2009012PDMSNBC071719,MSNBC071719,Hardball,CableNews,2000_2018,2009012,FirstAmendment,PostDecision,67,0,NA,2,1,0,0,0
2002083PDMSNBC123003,MSNBC123003,Hardball,CableNews,2000_2018,2002083,SexDiscrimination,PostDecision,70,0,NA,3,0,0,1,0
2012079PDMSNBC060116,MSNBC060116,Hardball,CableNews,2000_2018,2012079,SexDiscrimination,PostDecision,70,0,NA,3,1,0,0,0
2006031PDFox012208,Fox012208,SpecialReport,CableNews,2000_2018,2006031,Abortion,PostDecision,70,0,NA,3,0,1,0,0
2013063PDFox070114,Fox070114,SpecialReport,CableNews,2000_2018,2013063,EconomicActivity,PostDecision,70,1,Secondary,3,0,0,1,0
2012079PDMSNBC070113,MSNBC070113,Hardball,CableNews,2000_2018,2012079,SexDiscrimination,PostDecision,71,1,Secondary,2,0,0,0,1
1996087PDABC062797,ABC062797,WorldNewsTonight,NetworkNews,1990_1999,1996087,FirstAmendment,PostDecision,71,1,Identical,2,0,1,0,0
1996094PDABC062797,ABC062797,WorldNewsTonight,NetworkNews,1990_1999,1996094,FirstAmendment,PostDecision,71,1,Identical,2,0,1,0,0
2012079PDFox042815,Fox042815,SpecialReport,CableNews,2000_2018,2012079,SexDiscrimination,PostDecision,72,1,Secondary,2,0,0,1,0
2012079PDMSNBC070313,MSNBC070313,Hardball,CableNews,2000_2018,2012079,SexDiscrimination,PostDecision,73,0,NA,1,1,0,0,0
2002083PDMSNBC041015,MSNBC041015,Hardball,CableNews,2000_2018,2002083,SexDiscrimination,PostDecision,74,1,Secondary,2,0,0,0,1
1991117PDFox012306,Fox012306,SpecialReport,CableNews,2000_2018,1991117,Abortion,PostDecision,74,1,Separate,2,0,1,0,0
2009012PDFox062510,Fox062510,SpecialReport,CableNews,2000_2018,2009012,FirstAmendment,PostDecision,75,0,NA,1,1,0,0,0
2013070PCMSNBC040315,MSNBC040315,Hardball,CableNews,2000_2018,2013070,FirstAmendment,PostDecision,75,1,Secondary,3,0,0,1,0
2014070PDMSNBC080515,MSNBC080515,Hardball,CableNews,2000_2018,2014070,SexDiscrimination,PostDecision,75,0,NA,3,0,0,1,0
2009012PDFox063014,Fox063014,SpecialReport,CableNews,2000_2018,2009012,FirstAmendment,PostDecision,76,1,Secondary,2,0,0,1,0
2000071AFox022801,Fox022801,SpecialReport,CableNews,2000_2018,2000071,FirstAmendment,Argument,461,0,NA,1,0,1,0,0
2000071DABC061101,ABC061101,WorldNewsTonight,NetworkNews,2000_2018,2000071,FirstAmendment,Decision,18,0,NA,1,1,0,0,0
2000071DFox061101,Fox061101,SpecialReport,CableNews,2000_2018,2000071,FirstAmendment,Decision,445,0,NA,1,0,1,0,0
2009041PDFox051110,Fox051110,SpecialReport,CableNews,2000_2018,2009041,FirstAmendment,PostDecision,77,1,Separate,1,1,0,0,0
1991117PDMSNBC031103,MSNBC031103,Hardball,CableNews,2000_2018,1991117,Abortion,PostDecision,79,1,Secondary,3,0,0,1,0
2000082DMSNBC062501,MSNBC062501,Hardball,CableNews,2000_2018,2000082,FirstAmendment,Decision,"1,671",0,NA,1,0,0,0,1
2017020PDFox060818,Fox060818,SpecialReport,CableNews,2000_2018,2017020,SexDiscrimination,PostDecision,79,0,NA,3,0,0,1,0
2009012PDFox040214,Fox040214,SpecialReport,CableNews,2000_2018,2009012,FirstAmendment,PostDecision,80,1,Secondary,2,0,1,0,0
2001038DABC041602,ABC041602,WorldNewsTonight,NetworkNews,2000_2018,2001038,FirstAmendment,Decision,437,0,NA,1,0,1,0,0
2001038DFox041602,Fox041602,SpecialReport,CableNews,2000_2018,2001038,FirstAmendment,Decision,488,0,NA,1,0,1,0,0
2001038PCFox052101,Fox052101,SpecialReport,CableNews,2000_2018,2001038,FirstAmendment,PostCert,412,0,NA,1,0,1,0,0
2001038PCFox100101,Fox100101,SpecialReport,CableNews,2000_2018,2001038,FirstAmendment,PostCert,44,1,Identical,1,0,1,0,0
2002083PDMSNBC020210,MSNBC020210,Hardball,CableNews,2000_2018,2002083,SexDiscrimination,PostDecision,81,0,NA,3,0,0,1,0
2002083PDMSNBC022404,MSNBC022404,Hardball,CableNews,2000_2018,2002083,SexDiscrimination,PostDecision,81,0,NA,3,0,0,0,1
2003006PDMSNBC062904,MSNBC062904,Hardball,CableNews,2000_2018,2003006,FirstAmendment,PostDecision,81,0,NA,3,0,0,0,1
2001046PCFox100101,Fox100101,SpecialReport,CableNews,2000_2018,2001046,FirstAmendment,PostCert,44,1,Identical,1,0,1,0,0
2001063AABC022602,ABC022602,WorldNewsTonight,NetworkNews,2000_2018,2001063,FirstAmendment,Argument,49,0,NA,1,1,0,0,0
2001063CABC101501,ABC101501,WorldNewsTonight,NetworkNews,2000_2018,2001063,FirstAmendment,Cert,43,0,NA,1,1,0,0,0
2001063DFox061702,Fox061702,SpecialReport,CableNews,2000_2018,2001063,FirstAmendment,Decision,68,0,NA,1,1,0,0,0
2001064PCFox100101,Fox100101,SpecialReport,CableNews,2000_2018,2001064,EconomicActivity,PostCert,52,1,Separate,1,0,1,0,0
2009012PDFox051613,Fox051613,SpecialReport,CableNews,2000_2018,2009012,FirstAmendment,PostDecision,81,0,NA,3,0,0,1,0
2001072AABC031802,ABC031802,WorldNewsTonight,NetworkNews,2000_2018,2001072,EconomicActivity,Argument,22,0,NA,1,1,0,0,0
2001080AABC022002,ABC022002,WorldNewsTonight,NetworkNews,2000_2018,2001080,FirstAmendment,Argument,623,0,NA,1,0,1,0,0
2001080AFox022002,Fox022002,SpecialReport,CableNews,2000_2018,2001080,FirstAmendment,Argument,"1,749",1,Separate,1,0,1,0,1
2001080DABC062702,ABC062702,WorldNewsTonight,NetworkNews,2000_2018,2001080,FirstAmendment,Decision,375,0,NA,1,0,1,0,0
2001080DFox062702,Fox062702,SpecialReport,CableNews,2000_2018,2001080,FirstAmendment,Decision,865,0,NA,1,0,1,0,0
2001080DMSNBC062702,MSNBC062702,Hardball,CableNews,2000_2018,2001080,FirstAmendment,Decision,517,0,NA,1,0,0,0,1
2001080PCFox100101,Fox100101,SpecialReport,CableNews,2000_2018,2001080,FirstAmendment,PostCert,67,1,Separate,1,0,1,0,0
1999088PDFox110806,Fox110806,SpecialReport,CableNews,2000_2018,1999088,Abortion,PostDecision,82,1,Secondary,2,0,1,0,0
2002021AFox120402,Fox120402,SpecialReport,CableNews,2000_2018,2002021,Abortion,Argument,"1,610",0,NA,1,0,1,0,1
2002021DABC022603,ABC022603,WorldNewsTonight,NetworkNews,2000_2018,2002021,Abortion,Decision,90,0,NA,1,1,0,0,0
2002021DFox022603,Fox022603,SpecialReport,CableNews,2000_2018,2002021,Abortion,Decision,"1,665",0,NA,1,0,1,1,0
2002039CABC052802,ABC052802,WorldNewsTonight,NetworkNews,2000_2018,2002039,FirstAmendment,Cert,51,0,NA,1,1,0,0,0
2002049DABC050503,ABC050503,WorldNewsTonight,NetworkNews,2000_2018,2002049,FirstAmendment,Decision,44,0,NA,1,1,0,0,0
1999088PDFox012306,Fox012306,SpecialReport,CableNews,2000_2018,1999088,Abortion,PostDecision,84,1,Separate,2,0,0,1,0
2002076DABC062303,ABC062303,WorldNewsTonight,NetworkNews,2000_2018,2002076,FirstAmendment,Decision,73,0,NA,1,1,0,0,0
2002076DFox062303,Fox062303,SpecialReport,CableNews,2000_2018,2002076,FirstAmendment,Decision,72,0,NA,1,1,0,0,0
2017020PDFox062518,Fox062518,SpecialReport,CableNews,2000_2018,2017020,SexDiscrimination,PostDecision,84,0,NA,2,0,1,0,0
2002083CABC120202,ABC120202,WorldNewsTonight,NetworkNews,2000_2018,2002083,SexDiscrimination,Cert,60,0,NA,1,1,0,0,0
2002083DABC062603,ABC062603,WorldNewsTonight,NetworkNews,2000_2018,2002083,SexDiscrimination,Decision,982,0,NA,1,0,1,0,0
2002083DFox062603,Fox062603,SpecialReport,CableNews,2000_2018,2002083,SexDiscrimination,Decision,"2,800",0,NA,1,0,1,1,1
2002083DMSNBC062703,MSNBC062703,Hardball,CableNews,2000_2018,2002083,SexDiscrimination,Decision,"3,305",0,NA,1,0,0,1,0
2002083PAFox042203,Fox042203,SpecialReport,CableNews,2000_2018,2002083,SexDiscrimination,PostArgument,"1,220",0,NA,1,0,0,1,0
2002083PAFox042303,Fox042303,SpecialReport,CableNews,2000_2018,2002083,SexDiscrimination,PostArgument,523,0,NA,1,0,1,0,0
2002083PAFox042403,Fox042403,SpecialReport,CableNews,2000_2018,2002083,SexDiscrimination,PostArgument,"1,263",0,NA,1,1,0,1,0
2002083PAMSNBC042203,MSNBC042203,Hardball,CableNews,2000_2018,2002083,SexDiscrimination,PostArgument,"1,351",0,NA,3,0,0,1,0
2002083PAMSNBC050903,MSNBC050903,Hardball,CableNews,2000_2018,2002083,SexDiscrimination,PostArgument,286,0,NA,3,0,0,1,0
1999088PDMSNBC072105,MSNBC072105,Hardball,CableNews,2000_2018,1999088,Abortion,PostDecision,86,0,NA,3,0,0,1,0
2006027PDFox040407,Fox040407,SpecialReport,CableNews,2000_2018,2006027,EconomicActivity,PostDecision,86,0,NA,3,1,0,0,0
2013070PDFox011818,Fox011818,SpecialReport,CableNews,2000_2018,2013070,FirstAmendment,PostDecision,86,0,NA,3,0,1,0,0
2002083PDMSNBC062812,MSNBC062812,Hardball,CableNews,2000_2018,2002083,SexDiscrimination,PostDecision,87,1,Separate,2,0,1,0,0
1991117PDFox011601,Fox011601,SpecialReport,CableNews,2000_2018,1991117,Abortion,PostDecision,87,0,NA,3,1,0,0,0
2013070PDFox033015,Fox033015,SpecialReport,CableNews,2000_2018,2013070,FirstAmendment,PostDecision,88,0,NA,3,0,0,1,0
2014070PDFox042116,Fox042116,SpecialReport,CableNews,2000_2018,2014070,SexDiscrimination,PostDecision,88,0,NA,3,0,0,1,0
1991117PDMSNBC072505,MSNBC072505,Hardball,CableNews,2000_2018,1991117,Abortion,PostDecision,89,0,NA,3,0,0,0,1
1991117PDMSNBC070918,MSNBC070918,Hardball,CableNews,2000_2018,1991117,Abortion,PostDecision,90,1,Separate,2,0,0,0,1
1999088PDABC022106,ABC022106,WorldNewsTonight,NetworkNews,2000_2018,1999088,Abortion,PostDecision,90,1,Secondary,2,0,1,0,0
2013070PDFox010115,Fox010115,SpecialReport,CableNews,2000_2018,2013070,FirstAmendment,PostDecision,90,0,NA,3,0,1,0,0
2012079PDMSNBC100114,MSNBC100114,Hardball,CableNews,2000_2018,2012079,SexDiscrimination,PostDecision,91,0,NA,3,0,0,1,0
2014070PDMSNBC071415,MSNBC071415,Hardball,CableNews,2000_2018,2014070,SexDiscrimination,PostDecision,93,0,NA,3,0,0,1,0
1993035PDABC092394,ABC092394,WorldNewsTonight,NetworkNews,1990_1999,1993035,SexDiscrimination,PostDecision,94,0,NA,3,0,1,0,0
2009012PDMSNBC070918,MSNBC070918,Hardball,CableNews,2000_2018,2009012,FirstAmendment,PostDecision,97,1,Separate,2,0,0,1,0
2012077PDFox042815,Fox042815,SpecialReport,CableNews,2000_2018,2012077,SexDiscrimination,PostDecision,97,1,Secondary,2,0,0,1,0
2002083PDFox102606,Fox102606,SpecialReport,CableNews,2000_2018,2002083,SexDiscrimination,PostDecision,97,0,NA,3,0,0,1,0
1999085PDMSNBC100212,MSNBC100212,Hardball,CableNews,2000_2018,1999085,SexDiscrimination,PostDecision,98,0,NA,3,1,0,0,0
2014070PDMSNBC062617,MSNBC062617,Hardball,CableNews,2000_2018,2014070,SexDiscrimination,PostDecision,99,1,Separate,1,1,0,0,0
1999088PDFox030802,Fox030802,SpecialReport,CableNews,2000_2018,1999088,Abortion,PostDecision,99,0,NA,3,1,0,0,0
2013070PDFox101714,Fox101714,SpecialReport,CableNews,2000_2018,2013070,FirstAmendment,PostDecision,99,0,NA,3,0,1,0,0
1991117PDMSNBC062716,MSNBC062716,Hardball,CableNews,2000_2018,1991117,Abortion,PostDecision,100,1,Secondary,2,0,1,0,0
1999085PDFox041701,Fox041701,SpecialReport,CableNews,2000_2018,1999085,SexDiscrimination,PostDecision,100,0,NA,3,1,0,0,0
2009012PDMSNBC062915,MSNBC062915,Hardball,CableNews,2000_2018,2009012,FirstAmendment,PostDecision,101,1,Secondary,2,0,0,1,0
1999085PDABC110502,ABC110502,WorldNewsTonight,NetworkNews,2000_2018,1999085,SexDiscrimination,PostDecision,101,0,NA,3,0,1,0,0
2012077PDFox010614,Fox010614,SpecialReport,CableNews,2000_2018,2012077,SexDiscrimination,PostDecision,102,0,NA,3,0,1,0,0
2009012PDFox030713,Fox030713,SpecialReport,CableNews,2000_2018,2009012,FirstAmendment,PostDecision,103,0,NA,2,0,1,0,0
2007069PDMSNBC101008,MSNBC101008,Hardball,CableNews,2000_2018,2007069,EconomicActivity,PostDecision,103,0,NA,3,0,0,1,0
1996059PDFox120517,Fox120517,SpecialReport,CableNews,2000_2018,1996059,EconomicActivity,PostDecision,103,1,Separate,3,0,1,0,0
2004075PDFox081905,Fox081905,SpecialReport,CableNews,2000_2018,2004075,FirstAmendment,PostDecision,105,0,NA,1,1,0,0,0
2002083PDFox031706,Fox031706,SpecialReport,CableNews,2000_2018,2002083,SexDiscrimination,PostDecision,106,0,NA,2,1,0,0,0
2003006AABC090803,ABC090803,WorldNewsTonight,NetworkNews,2000_2018,2003006,FirstAmendment,Argument,434,0,NA,1,0,1,0,0
2003006AFox090803,Fox090803,SpecialReport,CableNews,2000_2018,2003006,FirstAmendment,Argument,447,0,NA,1,0,1,0,0
2003006DABC121003,ABC121003,WorldNewsTonight,NetworkNews,2000_2018,2003006,FirstAmendment,Decision,139,0,NA,1,1,0,0,0
2003006DFox121003,Fox121003,SpecialReport,CableNews,2000_2018,2003006,FirstAmendment,Decision,538,0,NA,1,0,1,0,0
2003006PCFox082703,Fox082703,SpecialReport,CableNews,2000_2018,2003006,FirstAmendment,PostCert,38,0,NA,3,0,1,0,0
2006068PDFox062907,Fox062907,SpecialReport,CableNews,2000_2018,2006068,FirstAmendment,PostDecision,107,0,NA,2,0,1,0,0
2014070PDMSNBC102617,MSNBC102617,Hardball,CableNews,2000_2018,2014070,SexDiscrimination,PostDecision,108,0,NA,3,0,0,1,0
1999088PDFox082604,Fox082604,SpecialReport,CableNews,2000_2018,1999088,Abortion,PostDecision,111,0,NA,3,1,0,0,0
2004075PDFox120606,Fox120606,SpecialReport,CableNews,2000_2018,2004075,FirstAmendment,PostDecision,112,1,Identical,2,0,1,0,0
2004078PDFox120606,Fox120606,SpecialReport,CableNews,2000_2018,2004078,FirstAmendment,PostDecision,112,1,Identical,2,0,1,0,0
2002083PDFox120203,Fox120203,SpecialReport,CableNews,2000_2018,2002083,SexDiscrimination,PostDecision,116,1,Separate,3,1,0,0,0
2002083PDFox070203,Fox070203,SpecialReport,CableNews,2000_2018,2002083,SexDiscrimination,PostDecision,117,0,NA,3,0,0,1,0
2003035AABC120203,ABC120203,WorldNewsTonight,NetworkNews,2000_2018,2003035,FirstAmendment,Argument,454,0,NA,1,0,1,0,0
2003035AFox120203,Fox120203,SpecialReport,CableNews,2000_2018,2003035,FirstAmendment,Argument,"1,688",1,Separate,1,0,1,0,1
2003035DABC022504,ABC022504,WorldNewsTonight,NetworkNews,2000_2018,2003035,FirstAmendment,Decision,349,0,NA,1,0,1,0,0
2003035DFox022504,Fox022504,SpecialReport,CableNews,2000_2018,2003035,FirstAmendment,Decision,97,0,NA,1,1,0,0,0
2003090DABC062904,ABC062904,WorldNewsTonight,NetworkNews,2000_2018,2003090,FirstAmendment,Decision,735,0,NA,1,0,1,0,0
2004045PCFox120604,Fox120604,SpecialReport,CableNews,2000_2018,2004045,EconomicActivity,PostCert,385,0,NA,1,0,1,0,0
2004052DFox053105,Fox053105,SpecialReport,CableNews,2000_2018,2004052,FirstAmendment,Decision,96,0,NA,1,1,0,0,0
2004075AABC030205,ABC030205,WorldNewsTonight,NetworkNews,2000_2018,2004075,FirstAmendment,Argument,454,0,NA,1,0,1,0,0
2004075AFox030205,Fox030205,SpecialReport,CableNews,2000_2018,2004075,FirstAmendment,Argument,643,1,Identical,1,0,1,0,0
2004075CABC101204,ABC101204,WorldNewsTonight,NetworkNews,2000_2018,2004075,FirstAmendment,Cert,449,1,Identical,1,0,1,0,0
2004075DABC062705,ABC062705,WorldNewsTonight,NetworkNews,2000_2018,2004075,FirstAmendment,Decision,840,1,Identical,1,0,1,0,0
2004075DFox062705,Fox062705,SpecialReport,CableNews,2000_2018,2004075,FirstAmendment,Decision,"2,025",1,Identical,1,0,1,1,0
2004075DMSNBC062705,MSNBC062705,Hardball,CableNews,2000_2018,2004075,FirstAmendment,Decision,904,1,Identical,1,0,0,0,1
2009012PDFox061810,Fox061810,SpecialReport,CableNews,2000_2018,2009012,FirstAmendment,PostDecision,118,0,NA,3,0,1,0,0
2013070PDFox070414,Fox070414,SpecialReport,CableNews,2000_2018,2013070,FirstAmendment,PostDecision,118,0,NA,3,0,0,1,0
2015063PDMSNBC013117,MSNBC013117,Hardball,CableNews,2000_2018,2015063,FirstAmendment,PostDecision,120,1,Separate/Identical,2,0,1,0,0
2014070PDMSNBC092717,MSNBC092717,Hardball,CableNews,2000_2018,2014070,SexDiscrimination,PostDecision,120,0,NA,3,0,0,1,0
2002083PDMSNBC032513,MSNBC032513,Hardball,CableNews,2000_2018,2002083,SexDiscrimination,PostDecision,127,1,Secondary,2,0,0,0,1
2004078AFox030205,Fox030205,SpecialReport,CableNews,2000_2018,2004078,FirstAmendment,Argument,643,1,Identical,1,0,1,0,0
2004078CABC101204,ABC101204,WorldNewsTonight,NetworkNews,2000_2018,2004078,FirstAmendment,Cert,449,1,Identical,1,0,1,0,0
2004078DABC062705,ABC062705,WorldNewsTonight,NetworkNews,2000_2018,2004078,FirstAmendment,Decision,840,1,Identical,1,0,1,0,0
2004078DFox062705,Fox062705,SpecialReport,CableNews,2000_2018,2004078,FirstAmendment,Decision,"2,025",1,Identical,1,0,1,1,0
2004078DMSNBC062705,MSNBC062705,Hardball,CableNews,2000_2018,2004078,FirstAmendment,Decision,904,1,Identical,1,0,0,0,1
2004078PCMSNBC030305,MSNBC030305,Hardball,CableNews,2000_2018,2004078,FirstAmendment,PostCert,"2,162",0,NA,1,0,0,0,1
2006031PDMSNBC062207,MSNBC062207,Hardball,CableNews,2000_2018,2006031,Abortion,PostDecision,129,0,NA,3,0,0,1,0
2017020PDFox081518,Fox081518,SpecialReport,CableNews,2000_2018,2017020,SexDiscrimination,PostDecision,135,0,NA,3,1,0,0,0
2014061PDFox081115,Fox081115,SpecialReport,CableNews,2000_2018,2014061,EconomicActivity,PostDecision,140,0,NA,3,0,1,0,0
2004079AFox032905,Fox032905,SpecialReport,CableNews,2000_2018,2004079,EconomicActivity,Argument,439,0,NA,1,0,1,0,0
2004079DFox062705,Fox062705,SpecialReport,CableNews,2000_2018,2004079,EconomicActivity,Decision,43,1,Separate,1,1,0,0,0
2005020AABC113005,ABC113005,WorldNewsTonight,NetworkNews,2000_2018,2005020,Abortion,Argument,568,0,NA,1,0,1,0,0
2005020AFox113005,Fox113005,SpecialReport,CableNews,2000_2018,2005020,Abortion,Argument,539,0,NA,1,0,1,0,0
2005020CABC052305,ABC052305,WorldNewsTonight,NetworkNews,2000_2018,2005020,Abortion,Cert,541,0,NA,1,1,0,0,0
2005020CFox052305,Fox052305,SpecialReport,CableNews,2000_2018,2005020,Abortion,Cert,50,0,NA,1,1,0,0,0
2005020DABC011806,ABC011806,WorldNewsTonight,NetworkNews,2000_2018,2005020,Abortion,Decision,87,0,NA,1,1,0,0,0
2005020DFox011806,Fox011806,SpecialReport,CableNews,2000_2018,2005020,Abortion,Decision,659,0,NA,1,0,1,0,0
2005020PCABC070105,ABC070105,WorldNewsTonight,NetworkNews,2000_2018,2005020,Abortion,PostCert,108,1,Identical,2,0,1,0,0
2005027DFox022106,Fox022106,SpecialReport,CableNews,2000_2018,2005027,FirstAmendment,Decision,89,1,Separate,1,1,0,0,0
2005033DFox022206,Fox022206,SpecialReport,CableNews,2000_2018,2005033,EconomicActivity,Decision,61,0,NA,1,1,0,0,0
2005037DFox022806,Fox022806,SpecialReport,CableNews,2000_2018,2005037,Abortion,Decision,84,0,NA,1,1,0,0,0
2005039AFox120605,Fox120605,SpecialReport,CableNews,2000_2018,2005039,FirstAmendment,Argument,555,0,NA,1,0,1,0,0
2005039DABC030606,ABC030606,WorldNewsTonight,NetworkNews,2000_2018,2005039,FirstAmendment,Decision,60,0,NA,1,1,0,0,0
2005039DFox030606,Fox030606,SpecialReport,CableNews,2000_2018,2005039,FirstAmendment,Decision,694,0,NA,1,0,1,0,0
2005039PCABC070105,ABC070105,WorldNewsTonight,NetworkNews,2000_2018,2005039,FirstAmendment,PostCert,108,1,Identical,2,0,1,0,0
2013033PDFox040414,Fox040414,SpecialReport,CableNews,2000_2018,2013033,FirstAmendment,PostDecision,141,0,NA,3,0,0,1,0
2002083PDMSNBC062613,MSNBC062613,Hardball,CableNews,2000_2018,2002083,SexDiscrimination,PostDecision,142,1,Secondary,2,0,0,1,0
2005058PAFox021706,Fox021706,SpecialReport,CableNews,2000_2018,2005058,FirstAmendment,PostArgument,64,0,NA,1,1,0,0,0
2005069AFox022106,Fox022106,SpecialReport,CableNews,2000_2018,2005069,EconomicActivity,Argument,527,1,Separate,1,0,1,0,0
2005069DABC061906,ABC061906,WorldNewsTonight,NetworkNews,2000_2018,2005069,EconomicActivity,Decision,41,1,Separate,1,1,0,0,0
2005069DFox061906,Fox061906,SpecialReport,CableNews,2000_2018,2005069,EconomicActivity,Decision,600,0,NA,1,0,1,0,0
1991117PDABC103105,ABC103105,WorldNewsTonight,NetworkNews,2000_2018,1991117,Abortion,PostDecision,143,0,NA,2,0,1,0,0
2005081DABC062606,ABC062606,WorldNewsTonight,NetworkNews,2000_2018,2005081,FirstAmendment,Decision,48,0,NA,1,1,0,0,0
2005081DFox062606,Fox062606,SpecialReport,CableNews,2000_2018,2005081,FirstAmendment,Decision,785,0,NA,1,0,1,0,0
2005081PAFox062206,Fox062206,SpecialReport,CableNews,2000_2018,2005081,FirstAmendment,PostArgument,121,0,NA,2,0,1,0,0
2006017DABC022007,ABC022007,WorldNewsTonight,NetworkNews,2000_2018,2006017,EconomicActivity,Decision,423,0,NA,1,0,1,0,0
2006017DFox022007,Fox022007,SpecialReport,CableNews,2000_2018,2006017,EconomicActivity,Decision,118,0,NA,1,1,0,0,0
2006027DABC040207,ABC040207,WorldNewsTonight,NetworkNews,2000_2018,2006027,EconomicActivity,Decision,448,0,NA,1,0,1,0,0
2006027DFox040207,Fox040207,SpecialReport,CableNews,2000_2018,2006027,EconomicActivity,Decision,704,0,NA,1,0,1,0,0
2012077PDMSNBC052014,MSNBC052014,Hardball,CableNews,2000_2018,2012077,SexDiscrimination,PostDecision,145,1,Identical,2,0,0,0,1
2012079PDMSNBC052014,MSNBC052014,Hardball,CableNews,2000_2018,2012079,SexDiscrimination,PostDecision,145,1,Identical,2,0,0,0,1
2006031AABC110806,ABC110806,WorldNewsTonight,NetworkNews,2000_2018,2006031,Abortion,Argument,89,0,NA,1,1,0,0,0
2006031AFox110806,Fox110806,SpecialReport,CableNews,2000_2018,2006031,Abortion,Argument,522,1,Primary,1,0,1,0,0
2006031CABC022106,ABC022106,WorldNewsTonight,NetworkNews,2000_2018,2006031,Abortion,Cert,577,1,Primary,1,0,1,0,0
2006031CABC061906,ABC061906,WorldNewsTonight,NetworkNews,2000_2018,2006031,Abortion,Cert,35,1,Separate,1,1,0,0,0
2006031CFox022106,Fox022106,SpecialReport,CableNews,2000_2018,2006031,Abortion,Cert,"1,637",1,Primary,1,0,1,1,0
2006031DABC041807,ABC041807,WorldNewsTonight,NetworkNews,2000_2018,2006031,Abortion,Decision,532,1,Primary,1,0,1,0,0
2006031DFox041807,Fox041807,SpecialReport,CableNews,2000_2018,2006031,Abortion,Decision,637,0,NA,1,0,1,0,0
2006031PCFox100206,Fox100206,SpecialReport,CableNews,2000_2018,2006031,Abortion,PostCert,266,1,Primary,1,0,1,0,0
1999077PDMSNBC051805,MSNBC051805,Hardball,CableNews,2000_2018,1999077,FirstAmendment,PostDecision,147,1,Identical,2,0,0,0,1
2002083PDMSNBC051805,MSNBC051805,Hardball,CableNews,2000_2018,2002083,SexDiscrimination,PostDecision,147,1,Identical,2,0,0,0,1
2014070PDFox071515,Fox071515,SpecialReport,CableNews,2000_2018,2014070,SexDiscrimination,PostDecision,148,0,NA,3,0,0,0,1
2002083PDMSNBC090110,MSNBC090110,Hardball,CableNews,2000_2018,2002083,SexDiscrimination,PostDecision,158,0,NA,3,0,0,1,0
1991117PDMSNBC063011,MSNBC063011,Hardball,CableNews,2000_2018,1991117,Abortion,PostDecision,163,0,NA,3,0,0,0,1
2002083PDMSNBC080410,MSNBC080410,Hardball,CableNews,2000_2018,2002083,SexDiscrimination,PostDecision,165,0,NA,2,0,0,1,0
2014070PDFox090815,Fox090815,SpecialReport,CableNews,2000_2018,2014070,SexDiscrimination,PostDecision,165,0,NA,3,0,0,1,0
2009012PDMSNBC013117,MSNBC013117,Hardball,CableNews,2000_2018,2009012,FirstAmendment,PostDecision,170,1,Separate,2,0,0,0,1
2006060AFox042407,Fox042407,SpecialReport,CableNews,2000_2018,2006060,EconomicActivity,Argument,345,0,NA,1,0,1,0,0
2006068AFox031907,Fox031907,SpecialReport,CableNews,2000_2018,2006068,FirstAmendment,Argument,731,0,NA,1,0,1,0,0
2006068DABC062507,ABC062507,WorldNewsTonight,NetworkNews,2000_2018,2006068,FirstAmendment,Decision,298,1,Separate,1,0,1,0,0
2006068DFox062507,Fox062507,SpecialReport,CableNews,2000_2018,2006068,FirstAmendment,Decision,460,1,Separate/Identical,1,0,1,0,0
1999088PDFox031003,Fox031003,SpecialReport,CableNews,2000_2018,1999088,Abortion,PostDecision,170,0,NA,3,0,1,0,0
2006069AFox042507,Fox042507,SpecialReport,CableNews,2000_2018,2006069,FirstAmendment,Argument,530,1,Primary,1,0,1,0,0
2006069DABC062507,ABC062507,WorldNewsTonight,NetworkNews,2000_2018,2006069,FirstAmendment,Decision,341,1,Separate,1,0,1,0,0
2006069DFox062507,Fox062507,SpecialReport,CableNews,2000_2018,2006069,FirstAmendment,Decision,641,1,Separate/Identical,1,0,1,0,0
2009012PDFox100813,Fox100813,SpecialReport,CableNews,2000_2018,2009012,FirstAmendment,PostDecision,173,1,Secondary,2,0,1,0,0
2007011DFox011508,Fox011508,SpecialReport,CableNews,2000_2018,2007011,EconomicActivity,Decision,97,0,NA,1,1,0,0,0
2007038AFox103007,Fox103007,SpecialReport,CableNews,2000_2018,2007038,FirstAmendment,Argument,683,1,Primary,1,0,1,0,0
2007038DFox051908,Fox051908,SpecialReport,CableNews,2000_2018,2007038,FirstAmendment,Decision,504,1,Separate,1,0,1,0,0
2007039DFox051908,Fox051908,SpecialReport,CableNews,2000_2018,2007039,EconomicActivity,Decision,55,1,Separate,1,1,0,0,0
2007069AABC022708,ABC022708,WorldNewsTonight,NetworkNews,2000_2018,2007069,EconomicActivity,Argument,72,0,NA,1,1,0,0,0
2007069DFox062508,Fox062508,SpecialReport,CableNews,2000_2018,2007069,EconomicActivity,Decision,65,0,NA,1,1,0,0,0
2012079PDABC122713,ABC122713,WorldNewsTonight,NetworkNews,2000_2018,2012079,SexDiscrimination,PostDecision,175,0,NA,3,1,0,0,0
2008003DFox111208,Fox111208,SpecialReport,CableNews,2000_2018,2008003,EconomicActivity,Decision,72,0,NA,1,1,0,0,0
2008026DFox022509,Fox022509,SpecialReport,CableNews,2000_2018,2008026,FirstAmendment,Decision,371,1,Separate,1,0,1,0,0
2002083PDMSNBC042505,MSNBC042505,Hardball,CableNews,2000_2018,2002083,SexDiscrimination,PostDecision,176,0,NA,3,0,0,1,0
2009012AFox090909,Fox090909,SpecialReport,CableNews,2000_2018,2009012,FirstAmendment,Argument,437,0,NA,1,0,1,0,0
2009012CFox111408,Fox111408,SpecialReport,CableNews,2000_2018,2009012,FirstAmendment,Cert,82,0,NA,1,1,0,0,0
2009012DABC012110,ABC012110,WorldNewsTonight,NetworkNews,2000_2018,2009012,FirstAmendment,Decision,447,0,NA,1,0,1,0,0
2009012DFox012110,Fox012110,SpecialReport,CableNews,2000_2018,2009012,FirstAmendment,Decision,"1,540",0,NA,1,0,1,1,0
2009012DMSNBC012110,MSNBC012110,Hardball,CableNews,2000_2018,2009012,FirstAmendment,Decision,"1,061",0,NA,1,1,0,0,1
2009012PAABC090909,ABC090909,WorldNewsTonight,NetworkNews,2000_2018,2009012,FirstAmendment,PostArgument,68,0,NA,1,1,0,0,0
2009012PAFox100509,Fox100509,SpecialReport,CableNews,2000_2018,2009012,FirstAmendment,PostArgument,134,1,Separate,1,0,0,1,0
2009012PAMSNBC032509,MSNBC032509,Hardball,CableNews,2000_2018,2009012,FirstAmendment,PostArgument,"2,096",,NA,1,0,0,0,1
1991117PDABC030404,ABC030404,WorldNewsTonight,NetworkNews,2000_2018,1991117,Abortion,PostDecision,180,0,NA,2,0,1,0,0
2013070PDFox072314,Fox072314,SpecialReport,CableNews,2000_2018,2013070,FirstAmendment,PostDecision,182,0,NA,3,0,0,0,1
2009012PDFox031510,Fox031510,SpecialReport,CableNews,2000_2018,2009012,FirstAmendment,PostDecision,183,0,NA,2,1,0,0,0
2009012PDMSNBC112310,MSNBC112310,Hardball,CableNews,2000_2018,2009012,FirstAmendment,PostDecision,184,0,NA,3,0,0,1,0
2002083PDMSNBC012004,MSNBC012004,Hardball,CableNews,2000_2018,2002083,SexDiscrimination,PostDecision,185,0,NA,3,0,0,0,1
2002083PDMSNBC060409,MSNBC060409,Hardball,CableNews,2000_2018,2002083,SexDiscrimination,PostDecision,185,0,NA,3,0,0,1,0
2014070PDMSNBC072115,MSNBC072115,Hardball,CableNews,2000_2018,2014070,SexDiscrimination,PostDecision,192,0,NA,3,0,0,1,0
2006031PDMSNBC092812,MSNBC092812,Hardball,CableNews,2000_2018,2006031,Abortion,PostDecision,193,0,NA,2,0,0,0,1
2009012PDFox022814,Fox022814,SpecialReport,CableNews,2000_2018,2009012,FirstAmendment,PostDecision,193,0,NA,3,0,1,0,0
2012079PDFox021014,Fox021014,SpecialReport,CableNews,2000_2018,2012079,SexDiscrimination,PostDecision,193,1,Separate,3,0,1,0,0
2009012PDMSNBC040314,MSNBC040314,Hardball,CableNews,2000_2018,2009012,FirstAmendment,PostDecision,198,1,Secondary,2,0,0,0,1
1999088PDFox110503,Fox110503,SpecialReport,CableNews,2000_2018,1999088,Abortion,PostDecision,206,0,NA,3,0,1,0,0
2009012PDMSNBC021716,MSNBC021716,Hardball,CableNews,2000_2018,2009012,FirstAmendment,PostDecision,209,0,NA,3,0,0,0,1
2013070PDFox072814,Fox072814,SpecialReport,CableNews,2000_2018,2013070,FirstAmendment,PostDecision,210,0,NA,3,0,1,0,0
2017020PDFox061719,Fox061719,SpecialReport,CableNews,2000_2018,2017020,SexDiscrimination,PostDecision,211,1,Separate,2,0,1,0,0
2012077PDMSNBC062813,MSNBC062813,Hardball,CableNews,2000_2018,2012077,SexDiscrimination,PostDecision,212,1,Separate/Identical,3,1,0,0,0
2001038PDFox050102,Fox050102,SpecialReport,CableNews,2000_2018,2001038,FirstAmendment,PostDecision,214,0,NA,1,0,1,0,0
2015048PDMSNBC070918,MSNBC070918,Hardball,CableNews,2000_2018,2015048,Abortion,PostDecision,216,1,Separate,2,0,0,0,1
2009012PDMSNBC121310,MSNBC121310,Hardball,CableNews,2000_2018,2009012,FirstAmendment,PostDecision,216,0,NA,3,0,0,1,0
2002083PDMSNBC120712,MSNBC120712,Hardball,CableNews,2000_2018,2002083,SexDiscrimination,PostDecision,223,1,Secondary,2,0,0,1,0
2009012PDFox030812,Fox030812,SpecialReport,CableNews,2000_2018,2009012,FirstAmendment,PostDecision,227,0,NA,3,0,1,0,0
2002083PDMSNBC050109,MSNBC050109,Hardball,CableNews,2000_2018,2002083,SexDiscrimination,PostDecision,231,0,NA,2,0,0,1,0
2009012PDMSNBC062718,MSNBC062718,Hardball,CableNews,2000_2018,2009012,FirstAmendment,PostDecision,233,1,Separate,2,0,0,1,0
2009012PDFox012210,Fox012210,SpecialReport,CableNews,2000_2018,2009012,FirstAmendment,PostDecision,237,0,NA,3,1,1,1,0
2015048PDFox121316,Fox121316,SpecialReport,CableNews,2000_2018,2015048,Abortion,PostDecision,242,0,NA,3,0,1,0,0
2009012PDMSNBC062618,MSNBC062618,Hardball,CableNews,2000_2018,2009012,FirstAmendment,PostDecision,248,0,NA,2,1,0,0,0
1991117PDMSNBC041213,MSNBC041213,Hardball,CableNews,2000_2018,1991117,Abortion,PostDecision,251,1,Separate,3,0,0,0,1
2009012PDMSNBC021516,MSNBC021516,Hardball,CableNews,2000_2018,2009012,FirstAmendment,PostDecision,252,0,NA,2,0,0,0,1
1991117PDMSNBC111804,MSNBC111804,Hardball,CableNews,2000_2018,1991117,Abortion,PostDecision,259,0,NA,3,0,0,0,1
2003006PDFox030504,Fox030504,SpecialReport,CableNews,2000_2018,2003006,FirstAmendment,PostDecision,259,0,NA,3,1,0,0,0
2002083PDMSNBC010512,MSNBC010512,Hardball,CableNews,2000_2018,2002083,SexDiscrimination,PostDecision,267,0,NA,3,0,0,1,0
2013070PDMSNBC013117,MSNBC013117,Hardball,CableNews,2000_2018,2013070,FirstAmendment,PostDecision,268,1,Separate,2,0,1,0,1
2009012PDABC101110,ABC101110,WorldNewsTonight,NetworkNews,2000_2018,2009012,FirstAmendment,PostDecision,273,0,NA,1,0,1,0,0
1997097PDMSNBC060503,MSNBC060503,Hardball,CableNews,2000_2018,1997097,FirstAmendment,PostDecision,276,0,NA,3,0,0,1,0
2001080PDFox070102,Fox070102,SpecialReport,CableNews,2000_2018,2001080,FirstAmendment,PostDecision,280,0,NA,3,0,1,0,0
2014070PDMSNBC070715,MSNBC070715,Hardball,CableNews,2000_2018,2014070,SexDiscrimination,PostDecision,289,1,Separate,1,0,0,1,0
2012077PDMSNBC100914,MSNBC100914,Hardball,CableNews,2000_2018,2012077,SexDiscrimination,PostDecision,294,1,Identical,3,0,0,1,0
2012079PDMSNBC100914,MSNBC100914,Hardball,CableNews,2000_2018,2012079,SexDiscrimination,PostDecision,294,1,Identical,3,0,0,1,0
2009012PDMSNBC062818,MSNBC062818,Hardball,CableNews,2000_2018,2009012,FirstAmendment,PostDecision,297,0,NA,2,1,0,0,0
1999088PDMSNBC010501,MSNBC010501,Hardball,CableNews,2000_2018,1999088,Abortion,PostDecision,308,0,NA,3,0,0,1,0
2009012PDFox042011,Fox042011,SpecialReport,CableNews,2000_2018,2009012,FirstAmendment,PostDecision,308,1,Separate,3,0,1,0,0
2014070PDFox070215,Fox070215,SpecialReport,CableNews,2000_2018,2014070,SexDiscrimination,PostDecision,309,0,NA,3,0,0,1,1
1995053PDMSNBC080405,MSNBC080405,Hardball,CableNews,2000_2018,1995053,SexDiscrimination,PostDecision,316,0,NA,2,0,0,1,0
1991117PDFox122313,Fox122313,SpecialReport,CableNews,2000_2018,1991117,Abortion,PostDecision,317,1,Separate,3,0,0,1,0
2009012PDMSNBC071012,MSNBC071012,Hardball,CableNews,2000_2018,2009012,FirstAmendment,PostDecision,319,0,NA,3,0,0,1,1
2008040PDFox060109,Fox060109,SpecialReport,CableNews,2000_2018,2008040,EconomicActivity,PostDecision,322,0,NA,2,0,1,0,0
2002083PDMSNBC052809,MSNBC052809,Hardball,CableNews,2000_2018,2002083,SexDiscrimination,PostDecision,325,0,NA,3,0,0,0,1
2002083PDMSNBC112910,MSNBC112910,Hardball,CableNews,2000_2018,2002083,SexDiscrimination,PostDecision,325,0,NA,3,0,0,1,0
1999088PDFox060503,Fox060503,SpecialReport,CableNews,2000_2018,1999088,Abortion,PostDecision,329,0,NA,3,0,1,0,0
1999088PDFox102103,Fox102103,SpecialReport,CableNews,2000_2018,1999088,Abortion,PostDecision,329,0,NA,3,0,1,0,0
1999088PDFox031303,Fox031303,SpecialReport,CableNews,2000_2018,1999088,Abortion,PostDecision,334,0,NA,3,0,1,0,0
2009041AABC100709,ABC100709,WorldNewsTonight,NetworkNews,2000_2018,2009041,FirstAmendment,Argument,487,0,NA,1,0,1,0,0
2009041AFox100709,Fox100709,SpecialReport,CableNews,2000_2018,2009041,FirstAmendment,Argument,449,0,NA,1,0,1,0,0
2009041DABC042810,ABC042810,WorldNewsTonight,NetworkNews,2000_2018,2009041,FirstAmendment,Decision,480,0,NA,1,0,1,0,0
2009041DFox042810,Fox042810,SpecialReport,CableNews,2000_2018,2009041,FirstAmendment,Decision,221,0,NA,1,0,1,0,0
2009041PCFox022509,Fox022509,SpecialReport,CableNews,2000_2018,2009041,FirstAmendment,PostCert,70,1,Secondary,2,0,1,0,0
2014061PDFox070915,Fox070915,SpecialReport,CableNews,2000_2018,2014061,EconomicActivity,PostDecision,336,0,NA,3,0,1,0,0
2009047AABC100609,ABC100609,WorldNewsTonight,NetworkNews,2000_2018,2009047,FirstAmendment,Argument,423,0,NA,1,0,1,0,0
2009047AFox100609,Fox100609,SpecialReport,CableNews,2000_2018,2009047,FirstAmendment,Argument,442,0,NA,1,0,1,0,0
2009047DABC042010,ABC042010,WorldNewsTonight,NetworkNews,2000_2018,2009047,FirstAmendment,Decision,322,0,NA,1,0,1,0,0
2009047DFox042010,Fox042010,SpecialReport,CableNews,2000_2018,2009047,FirstAmendment,Decision,446,0,NA,1,0,1,0,0
2009047PCFox100509,Fox100509,SpecialReport,CableNews,2000_2018,2009047,FirstAmendment,PostCert,143,1,Separate,1,0,1,0,0
2009077AFox022310,Fox022310,SpecialReport,CableNews,2000_2018,2009077,FirstAmendment,Argument,450,0,NA,1,0,1,0,0
2009077DFox062110,Fox062110,SpecialReport,CableNews,2000_2018,2009077,FirstAmendment,Decision,325,0,NA,1,0,1,0,0
2009090DFox062810,Fox062810,SpecialReport,CableNews,2000_2018,2009090,FirstAmendment,Decision,106,0,NA,1,0,1,0,0
2010007AABC100410,ABC100410,WorldNewsTonight,NetworkNews,2000_2018,2010007,EconomicActivity,Argument,194,0,NA,1,0,1,0,0
2010023AABC100610,ABC100610,WorldNewsTonight,NetworkNews,2000_2018,2010023,FirstAmendment,Argument,694,0,NA,1,0,1,0,0
2010023AFox100610,Fox100610,SpecialReport,CableNews,2000_2018,2010023,FirstAmendment,Argument,"1,944",0,NA,1,0,1,1,0
2010023AMSNBC100610,MSNBC100610,Hardball,CableNews,2000_2018,2010023,FirstAmendment,Argument,"1,388",0,NA,1,0,0,0,1
2010023CABC040110,ABC040110,WorldNewsTonight,NetworkNews,2000_2018,2010023,FirstAmendment,PostCert,450,0,NA,1,0,1,0,0
2010023CFox030810,Fox030810,SpecialReport,CableNews,2000_2018,2010023,FirstAmendment,Cert,49,0,NA,1,1,0,0,0
2010023DABC030211,ABC030211,WorldNewsTonight,NetworkNews,2000_2018,2010023,FirstAmendment,Decision,462,0,NA,1,0,1,0,0
2010023DFox030211,Fox030211,SpecialReport,CableNews,2000_2018,2010023,FirstAmendment,Decision,441,0,NA,1,0,1,0,0
2010023DFox042011,Fox042011,SpecialReport,CableNews,2000_2018,2010023,FirstAmendment,Decision,188,1,Separate,3,0,1,0,0
2010023DMSNBC030211,MSNBC030211,Hardball,CableNews,2000_2018,2010023,FirstAmendment,Decision,83,0,NA,1,1,0,0,0
2010023PAABC121010,ABC121010,WorldNewsTonight,NetworkNews,2000_2018,2010023,FirstAmendment,PostArgument,39,0,NA,3,0,1,0,0
2010023PCFox100410,Fox100410,SpecialReport,CableNews,2000_2018,2010023,FirstAmendment,PostCert,65,0,NA,1,0,1,0,0
2010023PCMSNBC031610,MSNBC031610,Hardball,CableNews,2000_2018,2010023,FirstAmendment,PostCert,"1,360",0,NA,1,0,0,1,0
2010023PCMSNBC031910,MSNBC031910,Hardball,CableNews,2000_2018,2010023,FirstAmendment,PostCert,"2,007",0,NA,1,1,0,0,1
2010023PCMSNBC040110,MSNBC040110,Hardball,CableNews,2000_2018,2010023,FirstAmendment,PostCert,"1,548",0,NA,1,0,0,0,1
2000071PDFox061201,Fox061201,SpecialReport,CableNews,2000_2018,2000071,FirstAmendment,PostDecision,339,0,NA,3,0,1,0,0
2010052CFox101810,Fox101810,SpecialReport,CableNews,2000_2018,2010052,EconomicActivity,Cert,67,0,NA,1,1,0,0,0
2010052DFox053111,Fox053111,SpecialReport,CableNews,2000_2018,2010052,EconomicActivity,Decision,61,0,NA,1,1,0,0,0
2010072AFox041911,Fox041911,SpecialReport,CableNews,2000_2018,2010072,EconomicActivity,Argument,331,0,NA,1,0,1,0,0
2010072CFox120610,Fox120610,SpecialReport,CableNews,2000_2018,2010072,EconomicActivity,Cert,25,0,NA,1,1,0,0,0
2010072DFox062011,Fox062011,SpecialReport,CableNews,2000_2018,2010072,EconomicActivity,Decision,787,0,NA,1,0,1,1,0
2010077DFox062311,Fox062311,SpecialReport,CableNews,2000_2018,2010077,FirstAmendment,Decision,57,0,NA,1,1,0,0,0
2010083DABC062711,ABC062711,WorldNewsTonight,NetworkNews,2000_2018,2010083,FirstAmendment,Decision,302,0,NA,1,0,1,0,0
2010083DFox062711,Fox062711,SpecialReport,CableNews,2000_2018,2010083,FirstAmendment,Decision,23,1,Separate,1,1,0,0,0
2009012PDMSNBC021611,MSNBC021611,Hardball,CableNews,2000_2018,2009012,FirstAmendment,PostDecision,340,0,NA,1,0,0,1,0
2010084DFox062711,Fox062711,SpecialReport,CableNews,2000_2018,2010084,FirstAmendment,Decision,38,1,Separate,1,1,0,0,0
2011011AFox100511,Fox100511,SpecialReport,CableNews,2000_2018,2011011,FirstAmendment,Argument,359,0,NA,1,0,1,0,0
2009012PDFox081315,Fox081315,SpecialReport,CableNews,2000_2018,2009012,FirstAmendment,PostDecision,360,0,NA,3,0,1,1,0
2011040DFox032112,Fox032112,SpecialReport,CableNews,2000_2018,2011040,EconomicActivity,Decision,465,0,NA,1,0,1,0,0
2011076AABC022212,ABC022212,WorldNewsTonight,NetworkNews,2000_2018,2011076,FirstAmendment,Argument,471,0,NA,1,0,1,0,0
2011076AFox022212,Fox022212,SpecialReport,CableNews,2000_2018,2011076,FirstAmendment,Argument,39,0,NA,1,1,0,0,0
2011076CFox101711,Fox101711,SpecialReport,CableNews,2000_2018,2011076,FirstAmendment,Cert,42,0,NA,1,1,0,0,0
2011076DABC062812,ABC062812,WorldNewsTonight,NetworkNews,2000_2018,2011076,FirstAmendment,Decision,406,0,NA,1,0,1,0,0
2011076DFox062812,Fox062812,SpecialReport,CableNews,2000_2018,2011076,FirstAmendment,Decision,49,0,NA,1,1,0,0,0
2014070PDMSNBC062718,MSNBC062718,Hardball,CableNews,2000_2018,2014070,SexDiscrimination,PostDecision,364,1,Separate,2,0,1,0,1
2012027DFox032013,Fox032013,SpecialReport,CableNews,2000_2018,2012027,EconomicActivity,Decision,52,0,NA,1,1,0,0,0
2012077AFox032613,Fox032613,SpecialReport,CableNews,2000_2018,2012077,SexDiscrimination,Argument,"2,114",0,NA,1,0,1,1,0
2012077AMSNBC032613,MSNBC032613,Hardball,CableNews,2000_2018,2012077,SexDiscrimination,Argument,"5,375",1,Primary,1,0,0,1,1
2012077CABC120712,ABC120712,WorldNewsTonight,NetworkNews,2000_2018,2012077,SexDiscrimination,Cert,137,1,Secondary,2,0,1,0,0
2012077CFox120712,Fox120712,SpecialReport,CableNews,2000_2018,2012077,SexDiscrimination,Cert,576,1,Identical,1,1,0,1,0
2012077CMSNBC120712,MSNBC120712,Hardball,CableNews,2000_2018,2012077,SexDiscrimination,Cert,"3,306",1,Primary/Identical,1,0,0,1,0
2012077DABC062613,ABC062613,WorldNewsTonight,NetworkNews,2000_2018,2012077,SexDiscrimination,Decision,"1,309",1,Identical,1,0,1,0,0
2012077DFox062613,Fox062613,SpecialReport,CableNews,2000_2018,2012077,SexDiscrimination,Decision,"2,043",1,Identical,1,0,1,1,0
2012077DMSNBC062613,MSNBC062613,Hardball,CableNews,2000_2018,2012077,SexDiscrimination,Decision,"1,432",1,Secondary/Identical,2,0,1,1,0
2012077PAABC032913,ABC032913,WorldNewsTonight,NetworkNews,2000_2018,2012077,SexDiscrimination,PostArgument,121,1,Identical,3,1,0,0,0
2012077PAFox032713,Fox032713,SpecialReport,CableNews,2000_2018,2012077,SexDiscrimination,PostArgument,273,1,Secondary,2,0,0,1,0
2012077PAFox041013,Fox041013,SpecialReport,CableNews,2000_2018,2012077,SexDiscrimination,PostArgument,80,0,NA,3,0,1,0,0
2012077PAMSNBC032713,MSNBC032713,Hardball,CableNews,2000_2018,2012077,SexDiscrimination,PostArgument,371,1,Secondary,2,0,1,0,1
2012077PAMSNBC032813,MSNBC032813,Hardball,CableNews,2000_2018,2012077,SexDiscrimination,PostArgument,"1,744",1,Identical,1,1,0,1,0
2012077PAMSNBC032913,MSNBC032913,Hardball,CableNews,2000_2018,2012077,SexDiscrimination,PostArgument,"1,706",1,Identical,3,0,0,0,1
2012077PAMSNBC041213,MSNBC041213,Hardball,CableNews,2000_2018,2012077,SexDiscrimination,PostArgument,127,1,Identical,3,0,0,1,0
2012077PCABC022813,ABC022813,WorldNewsTonight,NetworkNews,2000_2018,2012077,SexDiscrimination,PostCert,329,0,NA,3,0,1,0,0
2012077PCABC032513,ABC032513,WorldNewsTonight,NetworkNews,2000_2018,2012077,SexDiscrimination,PostCert,70,0,NA,1,1,0,0,0
2012077PCFox022213,Fox022213,SpecialReport,CableNews,2000_2018,2012077,SexDiscrimination,PostCert,526,0,NA,3,0,1,0,0
2012077PCFox022813,Fox022813,SpecialReport,CableNews,2000_2018,2012077,SexDiscrimination,PostCert,460,0,NA,1,0,1,0,0
2012077PCFox030113,Fox030113,SpecialReport,CableNews,2000_2018,2012077,SexDiscrimination,PostCert,65,0,NA,1,1,0,0,0
2012077PCFox032513,Fox032513,SpecialReport,CableNews,2000_2018,2012077,SexDiscrimination,PostCert,67,0,NA,1,1,0,0,0
2012077PCMSNBC022613,MSNBC022613,Hardball,CableNews,2000_2018,2012077,SexDiscrimination,PostCert,"2,001",1,Primary,1,0,0,1,0
2012077PCMSNBC030113,MSNBC030113,Hardball,CableNews,2000_2018,2012077,SexDiscrimination,PostCert,"1,749",1,Primary,1,0,0,1,0
2012077PCMSNBC031813,MSNBC031813,Hardball,CableNews,2000_2018,2012077,SexDiscrimination,PostCert,195,1,Identical,2,0,0,1,0
2012077PCMSNBC032213,MSNBC032213,Hardball,CableNews,2000_2018,2012077,SexDiscrimination,PostCert,146,1,Identical,1,1,0,0,0
2012077PCMSNBC032513,MSNBC032513,Hardball,CableNews,2000_2018,2012077,SexDiscrimination,PostCert,"2,152",1,Primary/Identical,1,0,0,0,1
2009012PDFox031212,Fox031212,SpecialReport,CableNews,2000_2018,2009012,FirstAmendment,PostDecision,365,0,NA,3,0,1,0,0
1999088PDABC032904,ABC032904,WorldNewsTonight,NetworkNews,2000_2018,1999088,Abortion,PostDecision,366,0,NA,3,0,1,0,0
2009012PDFox031010,Fox031010,SpecialReport,CableNews,2000_2018,2009012,FirstAmendment,PostDecision,373,0,NA,3,0,1,0,0
1991117PDMSNBC011006,MSNBC011006,Hardball,CableNews,2000_2018,1991117,Abortion,PostDecision,375,0,NA,2,0,0,0,1
2014070PDABC090215,ABC090215,WorldNewsTonight,NetworkNews,2000_2018,2014070,SexDiscrimination,PostDecision,376,0,NA,1,0,1,0,0
2006031PDFox041907,Fox041907,SpecialReport,CableNews,2000_2018,2006031,Abortion,PostDecision,377,0,NA,3,0,1,0,0
2014070PDABC090415,ABC090415,WorldNewsTonight,NetworkNews,2000_2018,2014070,SexDiscrimination,PostDecision,380,0,NA,1,0,1,0,0
2002083PDMSNBC112003,MSNBC112003,Hardball,CableNews,2000_2018,2002083,SexDiscrimination,PostDecision,381,0,NA,2,0,0,0,1
2012079PDFox070513,Fox070513,SpecialReport,CableNews,2000_2018,2012079,SexDiscrimination,PostDecision,388,0,NA,1,0,1,0,0
2012079AABC032713,ABC032713,WorldNewsTonight,NetworkNews,2000_2018,2012079,SexDiscrimination,Argument,831,0,NA,1,0,1,0,0
2012079AFox032713,Fox032713,SpecialReport,CableNews,2000_2018,2012079,SexDiscrimination,Argument,"2,597",1,Primary,1,0,1,1,0
2012079AMSNBC032713,MSNBC032713,Hardball,CableNews,2000_2018,2012079,SexDiscrimination,Argument,"3,284",1,Primary,1,0,1,0,1
2012079CABC120712,ABC120712,WorldNewsTonight,NetworkNews,2000_2018,2012079,SexDiscrimination,Cert,704,1,Primary,1,0,1,0,0
2012079CFox120712,Fox120712,SpecialReport,CableNews,2000_2018,2012079,SexDiscrimination,Cert,576,1,Identical,1,1,0,1,0
2012079CMSNBC120712,MSNBC120712,Hardball,CableNews,2000_2018,2012079,SexDiscrimination,Cert,992,1,Secondary/Identical,2,1,0,1,0
2012079DABC062613,ABC062613,WorldNewsTonight,NetworkNews,2000_2018,2012079,SexDiscrimination,Decision,"1,309",1,Identical,1,0,1,0,0
2012079DFox062613,Fox062613,SpecialReport,CableNews,2000_2018,2012079,SexDiscrimination,Decision,"2,043",1,Identical,1,0,1,1,0
2012079DMSNBC062613,MSNBC062613,Hardball,CableNews,2000_2018,2012079,SexDiscrimination,Decision,"4,391",1,Primary/Identical,1,0,1,1,1
2012079PAABC032913,ABC032913,WorldNewsTonight,NetworkNews,2000_2018,2012079,SexDiscrimination,PostArgument,121,1,Identical,3,1,0,0,0
2012079PAFox032813,Fox032813,SpecialReport,CableNews,2000_2018,2012079,SexDiscrimination,PostArgument,"1,798",0,NA,1,0,1,1,0
2012079PAFox060413,Fox060413,SpecialReport,CableNews,2000_2018,2012079,SexDiscrimination,PostArgument,289,0,NA,1,0,1,0,0
2012079PAMSNBC032813,MSNBC032813,Hardball,CableNews,2000_2018,2012079,SexDiscrimination,PostArgument,"1,744",1,Identical,1,1,0,1,0
2012079PAMSNBC032913,MSNBC032913,Hardball,CableNews,2000_2018,2012079,SexDiscrimination,PostArgument,"1,706",1,Identical,3,0,0,0,1
2012079PAMSNBC041213,MSNBC041213,Hardball,CableNews,2000_2018,2012079,SexDiscrimination,PostArgument,127,1,Identical,3,0,0,1,0
2012079PCMSNBC013013,MSNBC013013,Hardball,CableNews,2000_2018,2012079,SexDiscrimination,PostCert,164,1,Separate,1,1,0,0,0
2012079PCMSNBC022613,MSNBC022613,Hardball,CableNews,2000_2018,2012079,SexDiscrimination,PostCert,35,1,Secondary,2,0,0,1,0
2012079PCMSNBC030113,MSNBC030113,Hardball,CableNews,2000_2018,2012079,SexDiscrimination,PostCert,28,1,Secondary,2,0,0,1,0
2012079PCMSNBC030813,MSNBC030813,Hardball,CableNews,2000_2018,2012079,SexDiscrimination,PostCert,"1,805",0,NA,1,0,0,1,0
2012079PCMSNBC031813,MSNBC031813,Hardball,CableNews,2000_2018,2012079,SexDiscrimination,PostCert,195,1,Identical,2,0,0,1,0
2012079PCMSNBC032213,MSNBC032213,Hardball,CableNews,2000_2018,2012079,SexDiscrimination,PostCert,146,1,Identical,1,1,0,0,0
2012079PCMSNBC032513,MSNBC032513,Hardball,CableNews,2000_2018,2012079,SexDiscrimination,PostCert,919,1,Secondary/Identical,2,0,0,0,1
2012079PCMSNBC032613,MSNBC032613,Hardball,CableNews,2000_2018,2012079,SexDiscrimination,PostCert,46,1,Secondary,2,0,0,0,1
2012079PCMSNBC121012,MSNBC121012,Hardball,CableNews,2000_2018,2012079,SexDiscrimination,PostCert,109,0,NA,3,0,0,1,0
1991117PDABC063092,ABC063092,WorldNewsTonight,NetworkNews,1990_1999,1991117,Abortion,PostDecision,393,0,NA,3,0,1,0,0
1999085PDFox051501,Fox051501,SpecialReport,CableNews,2000_2018,1999085,SexDiscrimination,PostDecision,395,0,NA,1,0,1,0,0
2009012PDMSNBC040816,MSNBC040816,Hardball,CableNews,2000_2018,2009012,FirstAmendment,PostDecision,395,0,NA,3,0,0,1,0
2001064PDFox062002,Fox062002,SpecialReport,CableNews,2000_2018,2001064,EconomicActivity,PostDecision,398,0,NA,3,0,1,0,0
2014070PDFox063015,Fox063015,SpecialReport,CableNews,2000_2018,2014070,SexDiscrimination,PostDecision,406,0,NA,1,0,1,0,0
1999085PDFox032201,Fox032201,SpecialReport,CableNews,2000_2018,1999085,SexDiscrimination,PostDecision,412,0,NA,3,0,1,0,0
2012079PDMSNBC062813,MSNBC062813,Hardball,CableNews,2000_2018,2012079,SexDiscrimination,PostDecision,419,1,Separate/Identical,3,1,0,0,0
1991110PDABC060493,ABC060493,WorldNewsTonight,NetworkNews,1990_1999,1991110,FirstAmendment,PostDecision,420,0,NA,1,0,1,0,0
2014070PDFox012618,Fox012618,SpecialReport,CableNews,2000_2018,2014070,SexDiscrimination,PostDecision,425,0,NA,3,0,1,0,0
2002083PDMSNBC080510,MSNBC080510,Hardball,CableNews,2000_2018,2002083,SexDiscrimination,PostDecision,428,0,NA,2,0,0,1,0
1999085PDABC071900,ABC071900,WorldNewsTonight,NetworkNews,1990_1999,1999085,SexDiscrimination,PostDecision,429,0,NA,3,0,1,0,0
1999063PDMSNBC030405,MSNBC030405,Hardball,CableNews,2000_2018,1999063,FirstAmendment,PostDecision,430,0,NA,3,0,1,0,0
2002083PDMSNBC063003,MSNBC063003,Hardball,CableNews,2000_2018,2002083,SexDiscrimination,PostDecision,432,0,NA,3,0,0,1,0
2000010PDFox121409,Fox121409,SpecialReport,CableNews,2000_2018,2000010,EconomicActivity,PostDecision,436,1,Identical,1,0,1,0,0
2013033AFox100813,Fox100813,SpecialReport,CableNews,2000_2018,2013033,FirstAmendment,Argument,454,1,Primary,1,0,1,0,0
2013033DFox040214,Fox040214,SpecialReport,CableNews,2000_2018,2013033,FirstAmendment,Decision,584,1,Primary,1,0,1,0,0
2005069PDFox121409,Fox121409,SpecialReport,CableNews,2000_2018,2005069,EconomicActivity,PostDecision,436,1,Identical,1,0,1,0,0
2017020PDFox092118,Fox092118,SpecialReport,CableNews,2000_2018,2017020,SexDiscrimination,PostDecision,445,0,NA,1,0,1,0,0
2003006PDFox102308,Fox102308,SpecialReport,CableNews,2000_2018,2003006,FirstAmendment,PostDecision,448,0,NA,3,0,1,0,0
2009012PDFox042910,Fox042910,SpecialReport,CableNews,2000_2018,2009012,FirstAmendment,PostDecision,450,0,NA,1,0,1,0,0
2013039PAFox122313,Fox122313,SpecialReport,CableNews,2000_2018,2013039,EconomicActivity,PostArgument,30,1,Identical,2,1,0,0,0
2013039PCFox102313,Fox102313,SpecialReport,CableNews,2000_2018,2013039,EconomicActivity,PostCert,421,0,NA,1,0,1,0,0
2013042AFox110613,Fox110613,SpecialReport,CableNews,2000_2018,2013042,FirstAmendment,Argument,463,0,NA,1,0,1,0,0
2013042DFox050514,Fox050514,SpecialReport,CableNews,2000_2018,2013042,FirstAmendment,Decision,354,0,NA,1,0,1,0,0
2013042PCFox081913,Fox081913,SpecialReport,CableNews,2000_2018,2013042,FirstAmendment,PostCert,389,0,NA,1,0,1,0,0
2013063AFox022414,Fox022414,SpecialReport,CableNews,2000_2018,2013063,EconomicActivity,Argument,553,0,NA,1,0,1,0,0
2013063CFox101513,Fox101513,SpecialReport,CableNews,2000_2018,2013063,EconomicActivity,Cert,98,0,NA,1,0,1,0,0
2013063DFox062314,Fox062314,SpecialReport,CableNews,2000_2018,2013063,EconomicActivity,Decision,340,0,NA,1,0,1,0,0
2013063PCFox122313,Fox122313,SpecialReport,CableNews,2000_2018,2013063,EconomicActivity,PostCert,30,1,Identical,2,1,0,0,0
2002083PDMSNBC073103,MSNBC073103,Hardball,CableNews,2000_2018,2002083,SexDiscrimination,PostDecision,460,0,NA,3,0,0,1,0
2009012PDFox111513,Fox111513,SpecialReport,CableNews,2000_2018,2009012,FirstAmendment,PostDecision,463,0,NA,3,0,1,0,0
2013067DFox062514,Fox062514,SpecialReport,CableNews,2000_2018,2013067,EconomicActivity,Decision,47,0,NA,1,1,0,0,0
2013068AABC011514,ABC011514,WorldNewsTonight,NetworkNews,2000_2018,2013068,Abortion,Argument,454,0,NA,1,0,1,0,0
2013068AFox011514,Fox011514,SpecialReport,CableNews,2000_2018,2013068,Abortion,Argument,358,0,NA,1,0,1,0,0
2013068ABC062614,ABC062614,WorldNewsTonight,NetworkNews,2000_2018,2013068,Abortion,Decision,324,0,NA,1,0,1,0,0
2013068PCMSNBC091913,MSNBC091913,Hardball,CableNews,2000_2018,2013068,Abortion,PostCert,72,0,NA,3,0,0,1,0
2013070AABC032514,ABC032514,WorldNewsTonight,NetworkNews,2000_2018,2013070,FirstAmendment,Argument,395,0,NA,1,0,1,0,0
2013070AFox032514,Fox032514,SpecialReport,CableNews,2000_2018,2013070,FirstAmendment,Argument,"1,516",0,NA,1,0,1,1,0
2013070AMSNBC032514,MSNBC032514,Hardball,CableNews,2000_2018,2013070,FirstAmendment,Argument,"2,914",0,NA,1,0,1,0,1
2013070CABC112613,ABC112613,WorldNewsTonight,NetworkNews,2000_2018,2013070,FirstAmendment,Cert,361,0,NA,1,0,1,0,0
2013070CFox112613,Fox112613,SpecialReport,CableNews,2000_2018,2013070,FirstAmendment,Cert,"1,238",0,NA,1,0,0,1,0
2013070CMSNBC112613,MSNBC112613,Hardball,CableNews,2000_2018,2013070,FirstAmendment,Cert,"1,668",0,NA,1,0,0,1,0
2013070DABC063014,ABC063014,WorldNewsTonight,NetworkNews,2000_2018,2013070,FirstAmendment,Decision,379,0,NA,1,0,1,0,0
2013070DFox063014,Fox063014,SpecialReport,CableNews,2000_2018,2013070,FirstAmendment,Decision,"3,596",1,Primary,1,0,1,1,1
2013070PAFox041814,Fox041814,SpecialReport,CableNews,2000_2018,2013070,FirstAmendment,PostArgument,298,0,NA,3,0,1,0,0
2013070PCFox010214,Fox010214,SpecialReport,CableNews,2000_2018,2013070,FirstAmendment,PostCert,141,0,NA,1,0,1,0,0
2013070PCFox012414,Fox012414,SpecialReport,CableNews,2000_2018,2013070,FirstAmendment,PostCert,55,0,NA,2,0,1,0,0
2013070PCFox012714,Fox012714,SpecialReport,CableNews,2000_2018,2013070,FirstAmendment,PostCert,387,0,NA,3,0,1,0,0
2013070PCFox012814,Fox012814,SpecialReport,CableNews,2000_2018,2013070,FirstAmendment,PostCert,71,0,NA,1,1,0,0,0
2013070PCFox021014,Fox021014,SpecialReport,CableNews,2000_2018,2013070,FirstAmendment,PostCert,408,1,Separate,1,0,1,0,0
2013070PCFox022514,Fox022514,SpecialReport,CableNews,2000_2018,2013070,FirstAmendment,PostCert,56,0,NA,3,1,0,0,0
2013070PCFox032414,Fox032414,SpecialReport,CableNews,2000_2018,2013070,FirstAmendment,PostCert,132,0,NA,2,0,1,0,0
2013070PCFox120913,Fox120913,SpecialReport,CableNews,2000_2018,2013070,FirstAmendment,PostCert,40,0,NA,1,0,1,0,0
2013070PCFox121013,Fox121013,SpecialReport,CableNews,2000_2018,2013070,FirstAmendment,PostCert,384,0,NA,3,0,1,0,0
2002083PDABC073103,ABC073103,WorldNewsTonight,NetworkNews,2000_2018,2002083,SexDiscrimination,PostDecision,470,0,NA,3,0,1,0,0
2013070PCMSNBC112713,MSNBC112713,Hardball,CableNews,2000_2018,2013070,FirstAmendment,PostCert,"1,534",0,NA,1,0,0,1,0
2009012PDMSNBC012810,MSNBC012810,Hardball,CableNews,2000_2018,2009012,FirstAmendment,PostDecision,472,0,NA,1,1,0,0,1
1999077PDABC100109,ABC100109,WorldNewsTonight,NetworkNews,2000_2018,1999077,FirstAmendment,PostDecision,484,0,NA,3,0,1,0,0
2003006PDFox021604,Fox021604,SpecialReport,CableNews,2000_2018,2003006,FirstAmendment,PostDecision,485,0,NA,3,0,1,0,0
2005039PDFox051110,Fox051110,SpecialReport,CableNews,2000_2018,2005039,FirstAmendment,PostDecision,487,1,Separate,2,0,1,0,0
2003006PDFox121103,Fox121103,SpecialReport,CableNews,2000_2018,2003006,FirstAmendment,PostDecision,491,0,NA,1,0,1,0,0
2009012PDFox051110,Fox051110,SpecialReport,CableNews,2000_2018,2009012,FirstAmendment,PostDecision,493,1,Separate,2,0,1,0,0
2014070PDABC093015,ABC093015,WorldNewsTonight,NetworkNews,2000_2018,2014070,SexDiscrimination,PostDecision,495,0,NA,1,0,1,0,0
2014070PDABC090315,ABC090315,WorldNewsTonight,NetworkNews,2000_2018,2014070,SexDiscrimination,PostDecision,498,0,NA,1,0,1,0,0
2006031PDMSNBC071907,MSNBC071907,Hardball,CableNews,2000_2018,2006031,Abortion,PostDecision,501,0,NA,3,0,0,1,0
1999086PDFox061401,Fox061401,SpecialReport,CableNews,2000_2018,1999085,SexDiscrimination,PostDecision,511,0,NA,3,0,1,0,0
2006031PDABC051607,ABC051607,WorldNewsTonight,NetworkNews,2000_2018,2006031,Abortion,PostDecision,522,0,NA,1,0,1,0,0
1999085PDFox062201,Fox062201,SpecialReport,CableNews,2000_2018,1999085,SexDiscrimination,PostDecision,522,0,NA,3,0,0,0,1
2014003DFox012015,Fox012015,SpecialReport,CableNews,2000_2018,2014003,FirstAmendment,Decision,42,0,NA,1,1,0,0,0
2014003PAFox010515,Fox010515,SpecialReport,CableNews,2000_2018,2014003,FirstAmendment,PostArgument,117,0,NA,1,0,1,0,0
2014021DFox051815,Fox051815,SpecialReport,CableNews,2000_2018,2014021,EconomicActivity,Decision,333,0,NA,1,0,1,0,0
2014027CFox070114,Fox070114,SpecialReport,CableNews,2000_2018,2014027,SexDiscrimination,Cert,22,1,Separate,1,1,0,0,0
2014035CFox070114,Fox070114,SpecialReport,CableNews,2000_2018,2014035,EconomicActivity,Cert,49,1,Separate,1,1,0,0,0
2014058AFox032315,Fox032315,SpecialReport,CableNews,2000_2018,2014058,FirstAmendment,Argument,37,0,NA,1,1,0,0,0
2012077PDFox021414,Fox021414,SpecialReport,CableNews,2000_2018,2012077,SexDiscrimination,PostDecision,523,0,NA,3,0,0,1,0
2014061AFox032515,Fox032515,SpecialReport,CableNews,2000_2018,2014061,EconomicActivity,Argument,429,0,NA,1,0,1,0,0
2014061DABC062915,ABC062915,WorldNewsTonight,NetworkNews,2000_2018,2014061,EconomicActivity,Decision,55,1,Separate/Identical,1,1,0,0,0
2014061DFox062915,Fox062915,SpecialReport,CableNews,2000_2018,2014061,EconomicActivity,Decision,509,0,NA,1,0,1,0,0
2014061PCFox112614,Fox112614,SpecialReport,CableNews,2000_2018,2014061,EconomicActivity,PostCert,284,0,NA,3,0,0,1,0
2014061PCFox112814,Fox112814,SpecialReport,CableNews,2000_2018,2014061,EconomicActivity,PostCert,36,0,NA,3,1,0,0,0
2014070PDFox090315,Fox090315,SpecialReport,CableNews,2000_2018,2014070,SexDiscrimination,PostDecision,524,0,NA,1,0,1,0,0
2016068PDFox070517,Fox070517,SpecialReport,CableNews,2000_2018,2016068,FirstAmendment,PostDecision,532,0,NA,1,0,1,0,0
2014070AABC042815,ABC042815,WorldNewsTonight,NetworkNews,2000_2018,2014070,SexDiscrimination,Argument,380,0,NA,1,0,1,0,0
2014070AFox042815,Fox042815,SpecialReport,CableNews,2000_2018,2014070,SexDiscrimination,Argument,"1,507",1,Primary,1,0,1,1,0
2014070CABC011615,ABC011615,WorldNewsTonight,NetworkNews,2000_2018,2014070,SexDiscrimination,Cert,276,0,NA,1,0,1,0,0
2014070CFox011615,Fox011615,SpecialReport,CableNews,2000_2018,2014070,SexDiscrimination,Cert,64,0,NA,1,1,0,0,0
2014070CMSNBC011615,MSNBC011615,Hardball,CableNews,2000_2018,2014070,SexDiscrimination,Cert,"1,590",0,NA,1,0,0,1,0
2014070DABC062615,ABC062615,WorldNewsTonight,NetworkNews,2000_2018,2014070,SexDiscrimination,Decision,865,0,NA,1,0,1,0,0
2014070DFox062615,Fox062615,SpecialReport,CableNews,2000_2018,2014070,SexDiscrimination,Decision,"1,713",0,NA,1,0,0,1,0
2014070PAABC061715,ABC061715,WorldNewsTonight,NetworkNews,2000_2018,2014070,SexDiscrimination,PostArgument,112,0,NA,1,0,0,0,1
2014070PAFox050515,Fox050515,SpecialReport,CableNews,2000_2018,2014070,SexDiscrimination,PostArgument,120,0,NA,3,0,0,1,0
2014070PAFox050615,Fox050615,SpecialReport,CableNews,2000_2018,2014070,SexDiscrimination,PostArgument,213,0,NA,1,0,1,0,0
2014070PAMSNBC050715,MSNBC050715,Hardball,CableNews,2000_2018,2014070,SexDiscrimination,PostArgument,913,0,NA,1,0,0,1,0
2014070PAMSNBC051815,MSNBC051815,Hardball,CableNews,2000_2018,2014070,SexDiscrimination,PostArgument,94,0,NA,1,1,0,0,0
2014070PAMSNBC052215,MSNBC052215,Hardball,CableNews,2000_2018,2014070,SexDiscrimination,PostArgument,"1,158",0,NA,3,0,0,1,0
2014070PAMSNBC052615,MSNBC052615,Hardball,CableNews,2000_2018,2014070,SexDiscrimination,PostArgument,268,0,NA,3,0,0,1,0
2014070PAMSNBC060315,MSNBC060315,Hardball,CableNews,2000_2018,2014070,SexDiscrimination,PostArgument,179,0,NA,3,0,0,0,1
2014070PAMSNBC062515,MSNBC062515,Hardball,CableNews,2000_2018,2014070,SexDiscrimination,PostArgument,629,0,NA,1,0,0,1,0
2014070PCABC020915,ABC020915,WorldNewsTonight,NetworkNews,2000_2018,2014070,SexDiscrimination,PostCert,436,0,NA,2,0,1,0,0
2014070PCFox021215,Fox021215,SpecialReport,CableNews,2000_2018,2014070,SexDiscrimination,PostCert,275,0,NA,3,0,1,0,0
2014070PCFox030515,Fox030515,SpecialReport,CableNews,2000_2018,2014070,SexDiscrimination,PostCert,55,0,NA,1,1,0,0,0
2014070PCFox040115,Fox040115,SpecialReport,CableNews,2000_2018,2014070,SexDiscrimination,PostCert,"1,120",0,NA,3,0,0,1,0
2014070PCFox042015,Fox042015,SpecialReport,CableNews,2000_2018,2014070,SexDiscrimination,PostCert,342,0,NA,1,0,1,0,0
2014070PCMSNBC012815,MSNBC012815,Hardball,CableNews,2000_2018,2014070,SexDiscrimination,PostCert,"1,751",0,NA,1,0,0,0,1
2014070PCMSNBC020915,MSNBC020915,Hardball,CableNews,2000_2018,2014070,SexDiscrimination,PostCert,921,0,NA,2,0,1,1,0
2014070PCMSNBC030415,MSNBC030415,Hardball,CableNews,2000_2018,2014070,SexDiscrimination,PostCert,384,0,NA,2,0,0,1,0
2014070PCMSNBC032615,MSNBC032615,Hardball,CableNews,2000_2018,2014070,SexDiscrimination,PostCert,460,0,NA,3,0,0,0,1
2014070PCMSNBC040315,MSNBC040315,Hardball,CableNews,2000_2018,2014070,SexDiscrimination,PostCert,650,1,Primary,3,0,0,1,0
2014070PCMSNBC041015,MSNBC041015,Hardball,CableNews,2000_2018,2014070,SexDiscrimination,PostCert,484,1,Primary,1,0,0,0,1
2014070PCMSNBC041515,MSNBC041515,Hardball,CableNews,2000_2018,2014070,SexDiscrimination,PostCert,444,0,NA,3,0,0,1,0
2014070PCMSNBC041615,MSNBC041615,Hardball,CableNews,2000_2018,2014070,SexDiscrimination,PostCert,"1,570",1,Separate,1,0,0,0,1
2014070PDABC090115,ABC090115,WorldNewsTonight,NetworkNews,2000_2018,2014070,SexDiscrimination,PostDecision,534,0,NA,1,0,1,0,0
1994045PDMSNBC052512,MSNBC052512,Hardball,CableNews,2000_2018,1994045,FirstAmendment,PostDecision,542,0,NA,3,1,0,0,0
2002074PDFox081104,Fox081104,SpecialReport,CableNews,2000_2018,2002074,FirstAmendment,PostDecision,547,0,NA,3,0,1,0,0
2009012PDMSNBC070715,MSNBC070715,Hardball,CableNews,2000_2018,2009012,FirstAmendment,PostDecision,555,1,Separate,3,0,0,1,1
1999087PDFox022002,Fox022002,SpecialReport,CableNews,2000_2018,1999087,FirstAmendment,PostDecision,560,1,Separate,2,0,0,0,1
2014070PDMSNBC070615,MSNBC070615,Hardball,CableNews,2000_2018,2014070,SexDiscrimination,PostDecision,562,0,NA,3,0,0,0,1
2000010PDFox042210,Fox042210,SpecialReport,CableNews,2000_2018,2000010,EconomicActivity,PostDecision,569,0,NA,3,0,1,1,0
1999088PDFox022106,Fox022106,SpecialReport,CableNews,2000_2018,1999088,Abortion,PostDecision,574,1,Secondary,2,0,1,1,0
2009012PDMSNBC010312,MSNBC010312,Hardball,CableNews,2000_2018,2009012,FirstAmendment,PostDecision,578,0,NA,3,0,0,1,0
2009012PDFox012012,Fox012012,SpecialReport,CableNews,2000_2018,2009012,FirstAmendment,PostDecision,580,0,NA,3,0,1,0,0
1999085PDABC102300,ABC102300,WorldNewsTonight,NetworkNews,2000_2018,1999085,SexDiscrimination,PostDecision,612,0,NA,3,0,1,0,0
2009012PDMSNBC041615,MSNBC041615,Hardball,CableNews,2000_2018,2009012,FirstAmendment,PostDecision,756,1,Separate,3,0,0,1,0
2002083PDMSNBC073003,MSNBC073003,Hardball,CableNews,2000_2018,2002083,SexDiscrimination,PostDecision,820,0,NA,3,0,0,1,0
2011011PDMSNBC052112,MSNBC052112,Hardball,CableNews,2000_2018,2011011,FirstAmendment,PostDecision,820,0,NA,3,0,1,1,0
1998059PDABC011000,ABC011000,WorldNewsTonight,NetworkNews,1990_1999,1998059,SexDiscrimination,PostDecision,849,0,NA,3,0,1,0,0
2013033PDMSNBC040414,MSNBC040414,Hardball,CableNews,2000_2018,2013033,FirstAmendment,PostDecision,873,0,NA,1,0,0,1,0
1999085PDFox012913,Fox012913,SpecialReport,CableNews,2000_2018,1999085,SexDiscrimination,PostDecision,898,0,NA,3,0,1,1,0
2009012PDFox061412,Fox061412,SpecialReport,CableNews,2000_2018,2009012,FirstAmendment,PostDecision,948,0,NA,3,0,1,0,1
1999085PDMSNBC013013,MSNBC013013,Hardball,CableNews,2000_2018,1999085,SexDiscrimination,PostDecision,951,1,Separate,3,0,1,0,1
2011076PDFox070412,Fox070412,SpecialReport,CableNews,2000_2018,2011076,FirstAmendment,PostDecision,"1,033",0,NA,1,0,1,1,0
2009012PDFox051111,Fox051111,SpecialReport,CableNews,2000_2018,2009012,FirstAmendment,PostDecision,"1,070",0,NA,1,0,1,1,0
2009012PDFox012810,Fox012810,SpecialReport,CableNews,2000_2018,2009012,FirstAmendment,PostDecision,"1,071",0,NA,1,0,0,1,0
2009012PDFox020712,Fox020712,SpecialReport,CableNews,2000_2018,2009012,FirstAmendment,PostDecision,"1,106",0,NA,1,0,1,1,0
2014070PDMSNBC070215,MSNBC070215,Hardball,CableNews,2000_2018,2014070,SexDiscrimination,PostDecision,"1,122",0,NA,1,0,0,1,0
2000082PDFox062601,Fox062601,SpecialReport,CableNews,2000_2018,2000082,FirstAmendment,PostDecision,"1,126",0,NA,1,0,0,1,0
2003006PDFox031004,Fox031004,SpecialReport,CableNews,2000_2018,2003006,FirstAmendment,PostDecision,"1,126",0,NA,3,0,0,0,1
2012077PDMSNBC070113,MSNBC070113,Hardball,CableNews,2000_2018,2012077,SexDiscrimination,PostDecision,"1,151",1,Primary,1,0,0,0,1
2014070PDMSNBC090215,MSNBC090215,Hardball,CableNews,2000_2018,2014070,SexDiscrimination,PostDecision,"1,155",0,NA,1,0,0,0,1
2006031PDMSNBC042007,MSNBC042007,Hardball,CableNews,2000_2018,2006031,Abortion,PostDecision,"1,180",0,NA,3,0,0,1,0
2009012PDFox112713,Fox112713,SpecialReport,CableNews,2000_2018,2009012,FirstAmendment,PostDecision,"1,216",0,NA,3,0,1,1,0
2012077PDMSNBC062314,MSNBC062314,Hardball,CableNews,2000_2018,2012077,SexDiscrimination,PostDecision,"1,256",0,NA,3,0,0,0,1
2006027PDFox040307,Fox040307,SpecialReport,CableNews,2000_2018,2006027,EconomicActivity,PostDecision,"1,287",0,NA,1,0,0,1,0
2013070PDMSNBC070914,MSNBC070914,Hardball,CableNews,2000_2018,2013070,FirstAmendment,PostDecision,"1,298",0,NA,1,0,0,1,0
1999088PDMSNBC010203,MSNBC010203,Hardball,CableNews,2000_2018,1999088,Abortion,PostDecision,"1,437",0,NA,3,0,0,1,0
2009012PDMSNBC042712,MSNBC042712,Hardball,CableNews,2000_2018,2009012,FirstAmendment,PostDecision,"1,458",0,NA,3,0,0,1,0
2012079PDMSNBC062713,MSNBC062713,Hardball,CableNews,2000_2018,2012079,SexDiscrimination,PostDecision,"1,469",0,NA,1,0,0,1,0
2015033DFox042016,Fox042016,SpecialReport,CableNews,2000_2018,2015033,EconomicActivity,Decision,396,0,NA,1,0,1,0,0
1991117PDMSNBC103105,MSNBC103105,Hardball,CableNews,2000_2018,1991117,Abortion,PostDecision,"1,481",0,NA,2,0,0,1,1
2015048AABC030216,ABC030216,WorldNewsTonight,NetworkNews,2000_2018,2015048,Abortion,Argument,428,0,NA,1,0,1,0,0
2015048AFox030216,Fox030216,SpecialReport,CableNews,2000_2018,2015048,Abortion,Argument,413,0,NA,1,0,1,0,0
2015048AMSNBC030216,MSNBC030216,Hardball,CableNews,2000_2018,2015048,Abortion,Argument,154,0,NA,3,0,0,1,0
2015048CFox111615,Fox111615,SpecialReport,CableNews,2000_2018,2015048,Abortion,Cert,49,0,NA,1,1,0,0,0
2015048DABC062716,ABC062716,WorldNewsTonight,NetworkNews,2000_2018,2015048,Abortion,Decision,531,0,NA,1,0,1,0,0
2015048DFox062716,Fox062716,SpecialReport,CableNews,2000_2018,2015048,Abortion,Decision,"1,225",0,NA,1,0,1,1,0
2015048DMSNBC062716,MSNBC062716,Hardball,CableNews,2000_2018,2015048,Abortion,Decision,"1,450",1,Primary,1,0,1,0,1
2015048PAFox030716,Fox030716,SpecialReport,CableNews,2000_2018,2015048,Abortion,PostArgument,340,1,Separate,3,0,0,0,1
2015048PCFox011416,Fox011416,SpecialReport,CableNews,2000_2018,2015048,Abortion,PostCert,184,0,NA,3,0,1,0,0
2015048PCFox012216,Fox012216,SpecialReport,CableNews,2000_2018,2015048,Abortion,PostCert,159,0,NA,3,0,1,0,0
2014070PDMSNBC090115,MSNBC090115,Hardball,CableNews,2000_2018,2014070,SexDiscrimination,PostDecision,"1,665",0,NA,1,0,0,1,0
2002076PDMSNBC062403,MSNBC062403,Hardball,CableNews,2000_2018,2002076,FirstAmendment,PostDecision,"1,773",0,NA,1,0,0,1,0
2013033PDMSNBC043014,MSNBC043014,Hardball,CableNews,2000_2018,2013033,FirstAmendment,PostDecision,"1,924",0,NA,1,0,0,1,1
2015056AFox033016,Fox033016,SpecialReport,CableNews,2000_2018,2015056,EconomicActivity,Argument,450,0,NA,1,0,1,0,0
2015062CFox120415,Fox120415,SpecialReport,CableNews,2000_2018,2015062,EconomicActivity,Cert,42,0,NA,1,1,0,0,0
2015063AFox032316,Fox032316,SpecialReport,CableNews,2000_2018,2015063,FirstAmendment,Argument,539,0,NA,1,0,1,0,0
2015063CFox110615,Fox110615,SpecialReport,CableNews,2000_2018,2015063,FirstAmendment,Cert,74,0,NA,1,1,0,0,0
2015063DFox051616,Fox051616,SpecialReport,CableNews,2000_2018,2015063,FirstAmendment,Decision,401,0,NA,1,0,1,0,0
2015063DMSNBC051616,MSNBC051616,Hardball,CableNews,2000_2018,2015063,FirstAmendment,Decision,266,0,NA,1,0,1,0,0
2015063PAFox041316,Fox041316,SpecialReport,CableNews,2000_2018,2015063,FirstAmendment,PostArgument,365,0,NA,1,0,1,0,0
2014070PDMSNBC090315,MSNBC090315,Hardball,CableNews,2000_2018,2014070,SexDiscrimination,PostDecision,"1,936",0,NA,1,0,0,0,1
2016001AFox101116,Fox101116,SpecialReport,CableNews,2000_2018,2016001,EconomicActivity,Argument,122,0,NA,3,0,1,0,0
2014070PDMSNBC062915,MSNBC062915,Hardball,CableNews,2000_2018,2014070,SexDiscrimination,PostDecision,"1,984",1,Primary,1,0,0,1,0
2016068AFox041917,Fox041917,SpecialReport,CableNews,2000_2018,2016068,FirstAmendment,Argument,67,0,NA,1,1,0,0,0
2016068DFox062617,Fox062617,SpecialReport,CableNews,2000_2018,2016068,FirstAmendment,Decision,576,1,Separate,1,0,1,1,0
2016068PCFox041717,Fox041717,SpecialReport,CableNews,2000_2018,2016068,FirstAmendment,PostCert,127,0,NA,2,0,0,1,0
2013070PDFox070114,Fox070114,SpecialReport,CableNews,2000_2018,2013070,FirstAmendment,PostDecision,"2,262",1,Primary,1,0,1,1,0
2017020AABC120517,ABC120517,WorldNewsTonight,NetworkNews,2000_2018,2017020,SexDiscrimination,Argument,72,0,NA,1,1,0,0,0
2017020AFox120517,Fox120517,SpecialReport,CableNews,2000_2018,2017020,SexDiscrimination,Argument,505,1,Separate,1,0,1,0,0
2017020CFox062617,Fox062617,SpecialReport,CableNews,2000_2018,2017020,SexDiscrimination,Cert,41,1,Separate,2,0,0,1,0
2017020CMSNBC062617,MSNBC062617,Hardball,CableNews,2000_2018,2017020,SexDiscrimination,Cert,57,1,Separate,2,0,0,1,0
2017020DABC060418,ABC060418,WorldNewsTonight,NetworkNews,2000_2018,2017020,SexDiscrimination,Decision,472,0,NA,1,0,1,0,0
2017020DFox060418,Fox060418,SpecialReport,CableNews,2000_2018,2017020,SexDiscrimination,Decision,"2,018",0,NA,1,0,1,1,0
2017020DMSNBC060118,MSNBC060118,Hardball,CableNews,2000_2018,2017020,SexDiscrimination,Decision,113,0,NA,1,1,0,0,0
2017020PAFox060118,Fox060118,SpecialReport,CableNews,2000_2018,2017020,SexDiscrimination,PostArgument,482,1,Primary,1,0,1,0,0
2017020PCFox100317,Fox100317,SpecialReport,CableNews,2000_2018,2017020,SexDiscrimination,PostCert,123,0,NA,1,0,1,0,0
1999088PDMSNBC031103,MSNBC031103,Hardball,CableNews,2000_2018,1999088,Abortion,PostDecision,"2,498",1,Primary,3,0,0,1,0
2013070PDMSNBC070114,MSNBC070114,Hardball,CableNews,2000_2018,2013070,FirstAmendment,PostDecision,"2,563",0,NA,1,1,0,1,0
2013033PDMSNBC040314,MSNBC040314,Hardball,CableNews,2000_2018,2013033,FirstAmendment,PostDecision,"2,570",1,Primary,1,0,0,0,1
2014070PDMSNBC063015,MSNBC063015,Hardball,CableNews,2000_2018,2014070,SexDiscrimination,PostDecision,"2,745",0,NA,1,1,0,0,1
2004075PDMSNBC062805,MSNBC062805,Hardball,CableNews,2000_2018,2004075,FirstAmendment,PostDecision,"3,065",1,Identical,3,0,0,1,0
2017041AFox032018,Fox032018,SpecialReport,CableNews,2000_2018,2017041,Abortion,Argument,494,0,NA,1,0,1,0,0
2017041DABC062618,ABC062618,WorldNewsTonight,NetworkNews,2000_2018,2017041,Abortion,Decision,118,0,NA,1,0,1,0,0
2004078PDMSNBC062805,MSNBC062805,Hardball,CableNews,2000_2018,2004078,FirstAmendment,PostDecision,"3,065",1,Identical,3,0,0,1,0
2017043DFox061418,Fox061418,SpecialReport,CableNews,2000_2018,2017043,FirstAmendment,Decision,490,0,NA,1,0,1,0,0
2017059AFox041718,Fox041718,SpecialReport,CableNews,2000_2018,2017059,EconomicActivity,Argument,490,0,NA,1,0,1,0,0
2017059DFox062118,Fox062118,SpecialReport,CableNews,2000_2018,2017059,EconomicActivity,Decision,176,1,Primary,1,0,1,0,0
2017059PCFox032918,Fox032918,SpecialReport,CableNews,2000_2018,2017059,EconomicActivity,PostCert,120,1,Primary,3,0,0,1,0
2018002DFox112718,Fox112718,SpecialReport,CableNews,2000_2018,2018002,EconomicActivity,Decision,71,0,NA,1,1,0,0,0
2018048DFox062019,Fox062019,SpecialReport,CableNews,2000_2018,2018048,FirstAmendment,Decision,354,0,NA,1,0,1,0,0
2018048PAFox061719,Fox061719,SpecialReport,CableNews,2000_2018,2018048,FirstAmendment,PostArgument,97,1,Separate,1,0,1,0,0
2018064DFox062419,Fox062419,SpecialReport,CableNews,2000_2018,2018064,FirstAmendment,Decision,420,0,NA,1,0,1,0,0